price,size,exchange
76323.07,0.345433,Bybit
76323.08,0.175018,Bybit
76324.08,0.040761,Bybit
76324.19,6.5e-05,Bybit
76324.2,0.018715,Bybit
76324.23,0.018723,Bybit
76324.25,0.018725,Bybit
76324.33,0.011983,Bybit
76324.39,0.087045,Bybit
76324.87,0.018705,Bybit
76325.18,0.003931,Bybit
76325.37,0.018717,Bybit
76325.56,0.018716,Bybit
76325.58,0.037431,Bybit
76325.61,0.018723,Bybit
76325.68,0.011275,Bybit
76325.7,0.007601,Bybit
76325.73,0.056176,Bybit
76325.78,0.01872,Bybit
76325.8,0.018738,Bybit
76325.84,0.015693,Bybit
76325.87,0.018733,Bybit
76325.92,0.001759,Bybit
76325.95,0.009897,Bybit
76325.97,0.020313,Bybit
76326.02,0.003931,Bybit
76326.05,0.009898,Bybit
76326.06,0.007601,Bybit
76326.11,0.018737,Bybit
76326.22,0.018733,Bybit
76326.25,0.004678,Bybit
76326.66,0.014083,Bybit
76326.67,0.00159,Bybit
76326.89,0.025,Bybit
76327.51,0.04,Bybit
76327.65,0.04062,Bybit
76328.26,0.00159,Bybit
76328.28,0.005199,Bybit
76328.46,0.013102,Bybit
76328.89,0.026204,Bybit
76328.96,0.00159,Bybit
76329.17,0.015558,Bybit
76329.82,0.029638,Bybit
76330.02,0.007861,Bybit
76330.25,0.02,Bybit
76330.26,0.013102,Bybit
76330.48,7.2e-05,Bybit
76330.55,0.00159,Bybit
76331.24,0.085747,Bybit
76331.25,0.00159,Bybit
76339.74,3.06197,Binance
76339.75,0.01211,Binance
76339.76,0.0001,Binance
76339.78,0.0021,Binance
76339.79,0.0001,Binance
76339.81,0.0001,Binance
76339.88,0.0001,Binance
76339.99,0.0021,Binance
76340.0,0.36769,Binance
76340.06,0.00018,Binance
76340.07,0.0001,Binance
76340.09,0.0001,Binance
76340.23,0.0001,Binance
76340.26,0.0001,Binance
76340.37,0.0001,Binance
76340.39,0.0001,Binance
76340.46,0.0001,Binance
76340.48,0.00018,Binance
76340.49,0.0263,Binance
76340.83,0.00354,Binance
76341.14,0.00207,Binance
76341.21,0.01,Binance
76341.42,0.26186,Binance
76341.73,0.0001,Binance
76342.0,0.0842,Binance
76342.55,0.14,Binance
76342.71,0.26185,Binance
76342.72,0.0229,Binance
76342.73,0.0141,Binance
76342.78,0.20576,Binance
76343.25,0.01309,Binance
76344.0,0.0842,Binance
76344.01,0.01133,Binance
76344.1,0.094,Binance
76344.14,0.19615,Binance
76344.15,0.16,Binance
76344.6,0.23633,Binance
76344.63,0.00022,Binance
76344.72,0.00019,Binance
76345.35,0.01,Binance
76345.5,0.1048,Binance
76346.0,0.1242,Binance
76346.01,0.026,Binance
76346.42,0.01309,Binance
76346.52,0.00014,Binance
76346.73,0.26184,Binance
76347.37,0.52285,Binance
76347.38,0.588,Binance
76347.52,0.0001,Binance
76347.81,0.00372,Binance
76347.83,0.0015,Binance
76348.0,0.0842,Binance
76348.07,0.0002,Binance
76348.44,0.00022,Binance
76348.66,0.00038,Binance
76348.72,0.25252,Binance
76348.81,0.00039,Binance
76348.88,7e-05,Binance
76348.94,0.014,Binance
76349.0,0.1048,Binance
76349.19,0.03928,Binance
76349.34,0.19186,Binance
76349.38,0.16193,Binance
76349.44,0.03928,Binance
76349.53,0.00655,Binance
76349.93,0.20084,Binance
76350.0,0.13816,Binance
76350.01,0.0024,Binance
76350.23,0.26185,Binance
76351.0,0.00131,Binance
76351.27,0.52203,Binance
76351.68,0.50632,Binance
76351.74,0.0012,Binance
76351.75,0.27036,Binance
76352.0,0.0842,Binance
76352.01,0.19615,Binance
76352.09,0.03928,Binance
76352.18,0.2,Binance
76352.29,0.26182,Binance
76352.5,0.1048,Binance
76352.7,7e-05,Binance
76353.28,0.26185,Binance
76353.99,0.00046,Binance
76354.0,0.0842,Binance
76354.16,0.00014,Binance
76354.26,0.1842,Binance
76354.32,0.0011,Binance
76354.65,0.27766,Binance
76355.0,0.00019,Binance
76355.01,0.003,Binance
76355.17,0.0001,Binance
76355.33,0.01309,Binance
76355.46,0.12439,Binance
76355.47,0.03928,Binance
76355.71,0.02619,Binance
76356.0,0.131,Binance
76356.2,0.60615,Binance
76356.52,7e-05,Binance
76357.0,0.01,Binance
76357.16,0.03892,Binance
76357.99,1.42042,Binance
76358.0,0.09625,Binance
76358.01,0.0024,Binance
76358.15,0.52387,Binance
76358.74,0.01702,Binance
76359.5,0.1048,Binance
76359.84,0.00022,Binance
76359.88,0.03928,Binance
76359.98,0.1842,Binance
76359.99,0.19615,Binance
76360.0,0.22667,Binance
76360.02,0.08703,Binance
76360.08,0.9,Binance
76360.1,0.00148,Binance
76360.26,0.023,Binance
76360.27,0.52387,Binance
76360.55,1.62051,Binance
76360.66,0.06252,Binance
76360.71,8e-05,Binance
76360.73,1.17847,Binance
76360.95,0.32742,Binance
76360.98,0.0009,Binance
76361.07,0.52387,Binance
76361.23,0.00392,Binance
76361.31,0.284,Binance
76361.42,0.00084,Binance
76361.8,0.00014,Binance
76361.99,0.0916,Binance
76362.0,0.0262,Binance
76362.17,0.00051,Binance
76362.65,0.00954,Binance
76362.82,0.0001,Binance
76362.83,0.39294,Binance
76362.88,0.39302,Binance
76362.89,1.00375,Binance
76363.0,0.62867,Binance
76363.11,0.00017,Binance
76363.37,0.26178,Binance
76363.64,0.038,Binance
76363.83,0.00622,Binance
76363.84,0.585,Binance
76363.85,0.08126,Binance
76364.0,0.0262,Binance
76364.15,7e-05,Binance
76364.24,0.01159,Binance
76364.43,0.00194,Binance
76364.87,1.17847,Binance
76365.0,0.01087,Binance
76365.71,0.1842,Binance
76366.0,0.0262,Binance
76366.49,0.55594,Binance
76366.5,0.1048,Binance
76367.34,7e-05,Binance
76367.49,0.09998,Binance
76367.5,0.13396,Binance
76367.51,0.5037,Binance
76367.63,0.19615,Binance
76367.97,7e-05,Binance
76368.0,0.0262,Binance
76368.02,1.17847,Binance
76368.79,0.00051,Binance
76368.82,0.00032,Binance
76369.37,0.02999,Binance
76369.42,0.04324,Binance
76369.44,0.00014,Binance
76369.99,0.09998,Binance
76370.0,0.0262,Binance
76370.01,0.01156,Binance
76370.28,0.52396,Binance
76370.47,0.0001,Binance
76370.94,0.02642,Binance
76370.95,1.58758,Binance
76370.96,0.54089,Binance
76371.09,1.17847,Binance
76371.14,0.65484,Binance
76371.17,0.03201,Binance
76371.43,0.0916,Binance
76371.44,0.1842,Binance
76371.68,0.61489,Binance
76371.77,0.52391,Binance
76371.79,7e-05,Binance
76372.0,0.0262,Binance
76372.41,0.4184,Binance
76372.42,0.02498,Binance
76372.55,0.09998,Binance
76372.56,0.52391,Binance
76373.52,0.15996,Binance
76373.53,0.01294,Binance
76374.0,0.0262,Binance
76374.01,0.06551,Binance
76374.24,0.03928,Binance
76375.03,0.09998,Binance
76375.04,0.85245,Binance
76375.06,0.39302,Binance
76375.07,1.17847,Binance
76375.27,0.09098,Binance
76375.28,0.585,Binance
76375.4,0.00105,Binance
76375.61,7e-05,Binance
76375.71,0.06698,Binance
76375.9,0.19615,Binance
76375.98,0.00179,Binance
76375.99,0.05814,Binance
76376.0,0.0262,Binance
76376.38,0.21994,Binance
76377.08,0.10412,Binance
76377.17,0.0921,Binance
76377.27,0.04016,Binance
76377.31,0.00105,Binance
76377.32,0.001,Binance
76377.35,0.03,Binance
76377.98,0.65472,Binance
76377.99,0.09098,Binance
76378.0,0.0262,Binance
76378.12,0.0001,Binance
76378.18,0.00033,Binance
76378.24,0.19461,Binance
76378.37,0.54936,Binance
76378.45,0.03811,Binance
76378.53,0.05295,Binance
76378.85,0.00077,Binance
76379.43,7e-05,Binance
76379.99,0.3243,Binance
76380.0,0.23107,Binance
76380.5,0.0008,Binance
76380.55,1.17847,Binance
76380.97,0.19996,Binance
76380.98,0.00654,Binance
76381.02,0.0916,Binance
76381.12,0.0205,Binance
76381.17,0.03,Binance
76381.83,0.93564,Binance
76382.0,0.0262,Binance
76382.88,0.09098,Binance
76382.89,0.0921,Binance
76383.25,7e-05,Binance
76383.49,0.12241,Binance
76383.61,0.09098,Binance
76383.62,1.17847,Binance
76383.63,0.585,Binance
76383.86,0.32758,Binance
76384.0,0.0262,Binance
76384.38,8e-05,Binance
76384.7,0.00032,Binance
76384.72,0.01314,Binance
76384.93,0.27493,Binance
76384.99,0.00148,Binance
76385.25,0.19615,Binance
76385.6,0.03143,Binance
76385.77,0.0001,Binance
76385.96,0.94707,Binance
76385.98,0.11585,Binance
76386.0,0.0262,Binance
76386.16,0.04584,Binance
76386.17,0.09098,Binance
76386.18,0.001,Binance
76386.81,0.46479,Binance
76386.91,0.09097,Binance
76387.07,7e-05,Binance
76387.19,0.05898,Binance
76387.99,0.00228,Binance
76388.0,0.02973,Binance
76388.04,0.1851,Binance
76388.35,1.27845,Binance
76388.38,0.32758,Binance
76388.57,0.39302,Binance
76388.68,0.03339,Binance
76388.8,0.26185,Binance
76389.13,0.16384,Binance
76389.14,0.00352,Binance
76389.21,0.61926,Binance
76389.22,0.09097,Binance
76389.23,0.0916,Binance
76389.49,0.04584,Binance
76389.5,0.00107,Binance
76389.72,0.36659,Binance
76390.0,0.0262,Binance
76390.1,0.00271,Binance
76390.72,0.26169,Binance
76390.89,7e-05,Binance
76391.18,0.1077,Binance
76391.51,0.014,Binance
76391.54,0.014,Binance
76391.59,0.028,Binance
76391.66,0.40569,Binance
76391.71,0.014,Binance
76391.72,0.014,Binance
76391.85,0.014,Binance
76392.0,0.0262,Binance
76392.34,0.0357,Binance
76392.35,0.10097,Binance
76392.36,0.01314,Binance
76392.45,0.00345,Binance
76392.54,0.00352,Binance
76392.94,0.06286,Binance
76392.95,0.02642,Binance
76392.96,1.17847,Binance
76392.99,0.19615,Binance
76393.0,2.07513,Binance
76393.01,0.09819,Binance
76393.21,0.11561,Binance
76393.38,0.23246,Binance
76393.42,0.0001,Binance
76393.45,0.08079,Binance
76393.74,0.19895,Binance
76393.75,0.002,Binance
76393.77,0.09998,Binance
76393.78,0.11481,Binance
76393.91,0.03536,Binance
76393.93,0.0001,Binance
76393.99,0.20196,Binance
76394.0,0.0262,Binance
76394.37,0.11484,Binance
76394.41,0.09998,Binance
76394.42,0.11484,Binance
76394.71,7e-05,Binance
76394.77,0.06286,Binance
76394.78,0.08939,Binance
76395.0,0.00038,Binance
76395.14,0.00246,Binance
76395.32,0.16244,Binance
76395.37,0.00032,Binance
76395.84,8e-05,Binance
76396.0,0.0262,Binance
76396.22,0.00288,Binance
76396.23,7e-05,Binance
76396.26,0.00654,Binance
76396.43,0.26185,Binance
76396.54,0.03789,Binance
76396.55,0.03798,Binance
76396.56,0.05548,Binance
76397.48,0.0916,Binance
76397.97,0.001,Binance
76398.0,0.0262,Binance
76398.44,0.0477,Binance
76398.52,7e-05,Binance
76398.57,0.04543,Binance
76398.79,0.32912,Binance
76399.91,1.27476,Binance
76400.0,0.63703,Binance
76400.21,0.0354,Binance
76400.39,0.00033,Binance
76400.97,0.03152,Binance
76400.98,0.32758,Binance
76401.07,0.0001,Binance
76402.0,0.0262,Binance
76402.34,7e-05,Binance
76402.87,0.15712,Binance
76402.97,0.39302,Binance
76403.01,1.17847,Binance
76403.04,0.00488,Binance
76403.97,9.695,Binance
76403.98,0.00012,Binance
76403.99,0.06679,Binance
76404.0,0.0262,Binance
76404.53,7e-05,Binance
76405.46,0.03143,Binance
76405.47,0.00077,Binance
76405.65,0.0057,Binance
76405.68,0.00262,Binance
76405.74,7e-05,Binance
76405.98,0.19615,Binance
76406.0,0.0262,Binance
76406.02,0.23181,Binance
76406.16,7e-05,Binance
76406.78,0.32742,Binance
76406.79,0.0001,Binance
76406.96,0.0016,Binance
76406.97,0.03581,Binance
76407.08,0.52413,Binance
76407.59,1.17847,Binance
76407.64,0.01314,Binance
76407.94,0.0916,Binance
76407.98,0.585,Binance
76408.0,0.0262,Binance
76408.38,0.00014,Binance
76408.39,0.1245,Binance
76408.72,0.0001,Binance
76409.12,0.03303,Binance
76409.13,0.03189,Binance
76409.55,7e-05,Binance
76409.6,0.03143,Binance
76409.61,0.05591,Binance
76409.91,0.17952,Binance
76409.99,0.0315,Binance
76410.0,0.09089,Binance
76410.39,0.65484,Binance
76410.64,0.03143,Binance
76410.65,1.17847,Binance
76411.16,0.0001,Binance
76411.3,0.09429,Binance
76411.31,0.00156,Binance
76411.69,0.05598,Binance
76411.7,0.00721,Binance
76412.0,0.0262,Binance
76412.87,0.02977,Binance
76413.36,0.11304,Binance
76413.37,0.08097,Binance
76413.59,0.32758,Binance
76413.81,7e-05,Binance
76414.0,0.0262,Binance
76414.02,0.014,Binance
76414.04,0.014,Binance
76414.06,0.014,Binance
76414.1,0.028,Binance
76414.27,0.014,Binance
76414.28,0.014,Binance
76414.42,0.014,Binance
76414.44,0.39302,Binance
76414.46,0.52731,Binance
76415.21,0.00303,Binance
76415.22,0.05764,Binance
76415.28,0.01314,Binance
76415.57,0.13939,Binance
76415.62,0.585,Binance
76416.0,0.0262,Binance
76416.37,0.0001,Binance
76416.81,0.0018,Binance
76416.96,0.03091,Binance
76417.11,0.00098,Binance
76417.54,0.00027,Binance
76417.63,7e-05,Binance
76417.8,0.22594,Binance
76417.81,0.0916,Binance
76418.0,0.0262,Binance
76418.26,1.17847,Binance
76419.73,0.001,Binance
76419.92,0.01244,Binance
76419.99,0.05598,Binance
76420.0,0.13088,Binance
76420.97,0.17995,Binance
76420.98,7e-05,Binance
76421.24,0.05598,Binance
76421.26,0.19615,Binance
76421.45,7e-05,Binance
76421.64,0.42491,Binance
76422.0,0.0262,Binance
76422.01,0.00028,Binance
76422.51,0.00017,Binance
76422.62,0.23199,Binance
76422.92,0.013,Binance
76423.12,0.40447,Binance
76423.25,1.17847,Binance
76423.26,0.585,Binance
76423.52,0.11297,Binance
76423.53,1.65657,Binance
76424.0,0.0262,Binance
76424.02,0.0001,Binance
76424.03,0.06542,Binance
76424.63,0.23593,Binance
76425.0,0.00038,Binance
76425.27,7e-05,Binance
76425.46,8e-05,Binance
76425.77,0.11297,Binance
76425.8,0.0584,Binance
76425.81,0.0342,Binance
76426.0,0.0262,Binance
76426.19,0.00019,Binance
76426.2,0.09079,Binance
76426.38,0.06098,Binance
76426.39,0.0014,Binance
76427.3,0.15858,Binance
76427.38,0.10218,Binance
76427.53,0.00013,Binance
76427.54,0.00195,Binance
76427.91,0.34347,Binance
76427.94,0.00274,Binance
76428.0,0.0262,Binance
76428.6,7e-05,Binance
76428.77,0.16895,Binance
76428.89,0.50596,Binance
76428.9,0.00458,Binance
76429.09,7e-05,Binance
76429.2,9e-05,Binance
76429.99,0.06698,Binance
76430.0,0.0262,Binance
76430.49,0.06098,Binance
76430.5,1.4874,Binance
76430.56,0.01298,Binance
76430.85,0.02642,Binance
76430.88,1.17847,Binance
76430.9,0.585,Binance
76430.99,0.00015,Binance
76431.67,0.0001,Binance
76431.88,0.11297,Binance
76431.99,0.16895,Binance
76432.0,0.0262,Binance
76432.66,0.01046,Binance
76432.91,7e-05,Binance
76433.64,0.00056,Binance
76433.91,0.14118,Binance
76433.99,0.3539,Binance
76434.0,0.0262,Binance
76434.58,1.29144,Binance
76434.6,0.5,Binance
76434.75,0.14146,Binance
76435.0,9e-05,Binance
76435.35,0.0916,Binance
76435.51,0.00029,Binance
76435.52,0.05598,Binance
76435.98,0.00248,Binance
76436.0,0.0262,Binance
76436.22,7e-05,Binance
76436.52,0.06698,Binance
76436.54,0.19615,Binance
76436.58,0.001,Binance
76436.73,7e-05,Binance
76436.94,0.11297,Binance
76437.14,0.06098,Binance
76437.15,0.05598,Binance
76437.26,0.11297,Binance
76437.3,0.11297,Binance
76437.37,0.11297,Binance
76437.53,0.00995,Binance
76437.56,0.00131,Binance
76437.64,0.11297,Binance
76437.68,0.11297,Binance
76437.71,0.11297,Binance
76437.94,0.0004,Binance
76438.0,0.0262,Binance
76438.2,0.01298,Binance
76438.52,1.17847,Binance
76438.54,0.585,Binance
76438.81,0.32758,Binance
76438.92,0.06698,Binance
76439.13,0.11297,Binance
76439.32,0.0001,Binance
76439.68,0.05598,Binance
76439.7,0.00066,Binance
76439.73,0.00361,Binance
76439.74,0.01,Binance
76439.76,0.00014,Binance
76439.82,0.00209,Binance
76439.85,0.09897,Binance
76439.86,0.00029,Binance
76439.93,0.06098,Binance
76440.0,0.20237,Binance
76440.55,7e-05,Binance
76440.74,0.06698,Binance
76440.78,0.06698,Binance
76440.81,0.00018,Binance
76440.82,0.00065,Binance
76441.22,0.06698,Binance
76441.39,0.05898,Binance
76441.52,0.03328,Binance
76441.9,0.03536,Binance
76442.0,0.0262,Binance
76442.09,0.06098,Binance
76442.12,0.09897,Binance
76442.39,1.17847,Binance
76442.42,0.06198,Binance
76442.47,0.02475,Binance
76442.85,0.00049,Binance
76443.32,0.06698,Binance
76443.34,0.06698,Binance
76443.59,0.03084,Binance
76443.83,0.00016,Binance
76443.84,0.06105,Binance
76443.87,0.08997,Binance
76443.89,0.00012,Binance
76443.92,0.06098,Binance
76444.0,0.02646,Binance
76444.22,0.05698,Binance
76444.38,7e-05,Binance
76444.52,0.05798,Binance
76444.6,0.06698,Binance
76444.65,0.04379,Binance
76444.79,0.09897,Binance
76444.83,0.05998,Binance
76444.97,0.0001,Binance
76445.11,0.06098,Binance
76445.4,0.0916,Binance
76445.43,0.06698,Binance
76445.44,0.12896,Binance
76445.55,0.00011,Binance
76445.69,0.05798,Binance
76445.84,0.013,Binance
76445.99,0.09998,Binance
76446.0,0.0262,Binance
76446.15,8e-05,Binance
76446.18,0.585,Binance
76446.45,0.03536,Binance
76446.49,0.03451,Binance
76446.53,0.05798,Binance
76446.57,0.06098,Binance
76446.75,0.19334,Binance
76446.78,0.06698,Binance
76446.79,0.08997,Binance
76446.94,0.03407,Binance
76446.97,0.0001,Binance
76447.12,0.05998,Binance
76447.38,0.12464,Binance
76447.4,0.00818,Binance
76447.52,0.09097,Binance
76447.55,0.03667,Binance
76447.57,0.06898,Binance
76447.7,0.13307,Binance
76447.84,0.09097,Binance
76447.87,0.05798,Binance
76447.97,0.05798,Binance
76448.0,0.0262,Binance
76448.15,0.12696,Binance
76448.2,7e-05,Binance
76448.74,0.03363,Binance
76448.84,0.06698,Binance
76448.87,0.05798,Binance
76448.88,0.06698,Binance
76449.02,0.0787,Binance
76449.08,0.06098,Binance
76449.14,0.06698,Binance
76449.39,0.06898,Binance
76449.42,0.04453,Binance
76449.53,0.08997,Binance
76449.55,0.04584,Binance
76449.62,0.04584,Binance
76449.68,0.09097,Binance
76449.89,0.09097,Binance
76450.0,0.06939,Binance
76450.27,0.09097,Binance
76450.63,0.04453,Binance
76450.68,0.06898,Binance
76451.0,0.09998,Binance
76451.14,0.05798,Binance
76451.46,7e-05,Binance
76451.61,0.00036,Binance
76451.62,0.13396,Binance
76451.64,0.06698,Binance
76451.72,0.12,Binance
76451.79,0.39302,Binance
76451.96,0.10365,Binance
76452.0,0.0262,Binance
76452.02,7e-05,Binance
76452.04,0.08997,Binance
76452.06,0.09097,Binance
76452.14,0.09097,Binance
76452.17,0.0207,Binance
76452.29,0.03667,Binance
76452.46,0.03536,Binance
76452.56,0.02864,Binance
76452.63,0.0001,Binance
76452.66,0.12,Binance
76452.7,0.12,Binance
76452.78,0.06898,Binance
76452.8,0.09897,Binance
76452.91,0.03565,Binance
76452.95,0.03928,Binance
76453.05,0.04453,Binance
76453.12,0.00154,Binance
76453.13,0.00203,Binance
76453.2,0.09097,Binance
76453.3,0.06698,Binance
76453.38,0.04453,Binance
76453.48,0.01299,Binance
76453.56,0.06498,Binance
76453.58,0.03536,Binance
76453.82,0.585,Binance
76453.83,0.26147,Binance
76453.95,0.00012,Binance
76454.0,0.0262,Binance
76454.03,9e-05,Binance
76454.07,0.04453,Binance
76454.16,0.04584,Binance
76454.24,0.04584,Binance
76454.27,0.00014,Binance
76454.4,0.09998,Binance
76454.54,0.09111,Binance
76454.62,0.0001,Binance
76454.73,0.06898,Binance
76454.8,0.00013,Binance
76454.92,0.08997,Binance
76455.14,0.06898,Binance
76455.21,0.10098,Binance
76455.23,0.04453,Binance
76455.29,0.06698,Binance
76455.31,0.06698,Binance
76455.37,0.09097,Binance
76455.45,0.12429,Binance
76455.61,0.04584,Binance
76455.67,0.09097,Binance
76455.84,7e-05,Binance
76455.86,0.0916,Binance
76455.91,0.09097,Binance
76455.97,0.06698,Binance
76456.0,0.0262,Binance
76456.01,0.00395,Binance
76456.06,0.09098,Binance
76456.3,0.09897,Binance
76456.31,0.00015,Binance
76456.69,0.03667,Binance
76456.7,0.03667,Binance
76456.71,0.06898,Binance
76456.82,0.03798,Binance
76456.92,0.00011,Binance
76456.99,0.08998,Binance
76457.03,0.12493,Binance
76457.08,0.09098,Binance
76457.09,0.04453,Binance
76457.34,0.06898,Binance
76457.52,0.09998,Binance
76457.55,0.03536,Binance
76457.81,0.04453,Binance
76457.9,0.002,Binance
76457.92,0.08997,Binance
76458.0,0.0262,Binance
76458.04,0.1385,Binance
76458.05,0.00131,Binance
76458.08,0.04453,Binance
76458.15,0.04453,Binance
76458.22,0.04453,Binance
76458.26,0.04453,Binance
76458.27,0.09097,Binance
76458.3,0.10098,Binance
76458.35,0.09098,Binance
76458.39,0.04453,Binance
76458.44,0.09097,Binance
76458.58,0.09897,Binance
76458.68,0.13451,Binance
76458.71,0.09098,Binance
76458.78,0.15717,Binance
76458.8,0.03536,Binance
76458.82,0.00012,Binance
76458.84,0.03354,Binance
76458.86,0.03667,Binance
76459.0,2.27175,Binance
76459.08,7e-05,Binance
76459.12,0.06812,Binance
76459.18,0.06498,Binance
76459.28,0.08998,Binance
76459.43,0.03667,Binance
76459.67,0.03805,Binance
76459.91,0.03536,Binance
76460.0,0.1528,Binance
76460.01,0.06698,Binance
76460.15,0.03667,Binance
76460.16,0.08997,Binance
76460.25,0.03536,Binance
76460.31,0.00013,Binance
76460.33,0.03667,Binance
76460.49,0.08998,Binance
76460.6,0.09098,Binance
76460.72,0.08997,Binance
76460.98,0.08998,Binance
76461.07,0.0001,Binance
76461.1,0.08998,Binance
76461.12,0.01299,Binance
76461.16,0.09097,Binance
76461.18,0.03536,Binance
76461.19,0.09097,Binance
76461.46,0.68498,Binance
76461.51,0.10047,Binance
76461.61,0.09897,Binance
76462.0,0.0262,Binance
76462.15,0.03928,Binance
76462.4,0.08998,Binance
76462.54,0.10098,Binance
76462.59,0.08997,Binance
76462.74,0.03536,Binance
76462.82,0.10098,Binance
76462.95,0.09897,Binance
76463.24,0.03536,Binance
76463.41,0.03436,Binance
76463.72,0.09098,Binance
76463.74,0.0262,Binance
76463.75,0.07398,Binance
76464.0,0.22616,Binance
76464.19,0.02642,Binance
76464.28,0.00023,Binance
76464.4,0.09897,Binance
76464.49,0.03248,Binance
76464.6,0.03667,Binance
76464.85,0.03667,Binance
76464.93,0.03536,Binance
76464.95,0.03536,Binance
76464.97,0.03667,Binance
76465.03,0.03536,Binance
76465.11,0.09298,Binance
76465.51,0.10097,Binance
76465.82,0.09897,Binance
76465.95,0.39302,Binance
76466.0,0.0262,Binance
76466.07,0.09897,Binance
76466.35,0.10098,Binance
76466.64,0.10494,Binance
76466.66,0.00012,Binance
76466.69,0.03308,Binance
76466.7,7e-05,Binance
76467.33,0.01487,Binance
76467.35,0.09998,Binance
76467.56,0.03536,Binance
76467.59,0.10098,Binance
76467.64,0.09997,Binance
76467.9,0.03928,Binance
76468.0,0.0262,Binance
76468.02,0.09998,Binance
76468.29,0.10098,Binance
76468.51,0.29994,Binance
76468.76,0.01295,Binance
76468.82,0.0004,Binance
76469.0,0.00157,Binance
76469.02,7e-05,Binance
76469.1,0.585,Binance
76469.46,0.25638,Binance
76469.94,0.09897,Binance
76470.0,0.0262,Binance
76470.15,0.00654,Binance
76470.18,0.09997,Binance
76470.58,0.00022,Binance
76470.94,0.03928,Binance
76471.01,0.34983,Binance
76471.13,0.0916,Binance
76472.0,0.1262,Binance
76472.63,0.01319,Binance
76473.01,0.03928,Binance
76473.99,0.00016,Binance
76474.0,0.02633,Binance
76474.32,7e-05,Binance
76474.35,0.00059,Binance
76474.67,0.00029,Binance
76474.72,0.00048,Binance
76474.96,7e-05,Binance
76475.11,0.09298,Binance
76475.45,0.00077,Binance
76476.0,0.0262,Binance
76476.18,0.03928,Binance
76476.23,0.00048,Binance
76476.4,0.013,Binance
76477.3,0.01306,Binance
76477.58,0.00023,Binance
76477.73,0.00048,Binance
76478.0,0.02735,Binance
76478.39,0.00131,Binance
76479.5,0.00062,Binance
76479.74,0.00048,Binance
76479.99,0.00012,Binance
76480.0,0.13117,Binance
76480.19,0.02642,Binance
76480.32,0.39302,Binance
76480.35,0.03653,Binance
76480.74,0.00048,Binance
76481.21,0.0001,Binance
76481.57,0.00066,Binance
76481.87,0.0001,Binance
76481.94,7e-05,Binance
76482.0,0.15385,Binance
76482.66,0.00041,Binance
76482.74,0.00048,Binance
76482.99,0.02615,Binance
76483.15,0.0001,Binance
76483.74,0.00048,Binance
76484.0,0.0262,Binance
76484.04,0.00081,Binance
76484.21,0.11297,Binance
76484.34,0.00013,Binance
76484.84,0.00021,Binance
76485.71,0.00023,Binance
76485.73,0.00013,Binance
76485.74,0.00048,Binance
76485.76,0.002,Binance
76486.0,0.02727,Binance
76486.4,0.0916,Binance
76486.75,0.00048,Binance
76487.05,0.09853,Binance
76487.32,0.00012,Binance
76487.33,1.3945,Binance
76487.76,0.00048,Binance
76487.85,0.00418,Binance
76487.96,0.11297,Binance
76488.0,0.02677,Binance
76488.43,0.00042,Binance
76488.68,0.02255,Binance
76489.25,0.03988,Binance
76489.5,0.0001,Binance
76489.56,7e-05,Binance
76489.76,0.00048,Binance
76490.0,0.55136,Binance
76490.54,0.11297,Binance
76490.76,0.00048,Binance
76490.87,0.03928,Binance
76491.37,0.0001,Binance
76491.49,0.0018,Binance
76491.89,0.40023,Binance
76492.0,2.0262,Binance
76492.01,0.00062,Binance
76492.42,0.02,Binance
76492.51,0.00048,Binance
76492.89,0.11297,Binance
76493.02,0.00014,Binance
76493.38,0.0069,Binance
76493.39,0.00048,Binance
76493.46,0.00025,Binance
76493.82,0.0001,Binance
76493.97,0.05998,Binance
76494.0,0.21052,Binance
76494.23,1.5,Binance
76494.29,1.53403,Binance
76494.71,0.00048,Binance
76495.09,0.00023,Binance
76495.3,0.00258,Binance
76495.39,0.11297,Binance
76495.62,0.02642,Binance
76495.71,0.00021,Binance
76495.75,0.00132,Binance
76496.0,0.04248,Binance
76496.01,0.12864,Binance
76496.02,0.00048,Binance
76496.17,0.03,Binance
76496.19,0.0001,Binance
76496.28,0.00063,Binance
76496.35,0.00052,Binance
76496.39,0.00392,Binance
76496.59,0.00011,Binance
76496.79,0.001,Binance
76497.18,7e-05,Binance
76497.2,2.28945,Binance
76497.29,0.01,Binance
76497.54,0.00012,Binance
76497.73,0.002,Binance
76497.77,0.00012,Binance
76497.78,0.00048,Binance
76497.91,7e-05,Binance
76498.0,0.0262,Binance
76498.5,7e-05,Binance
76498.73,0.00131,Binance
76498.74,0.00011,Binance
76498.86,0.00048,Binance
76499.46,0.00014,Binance
76499.6,0.00098,Binance
76499.7,0.00011,Binance
76499.72,0.00014,Binance
76499.79,0.0916,Binance
76499.8,0.39208,Binance
76499.82,0.00018,Binance
76499.86,0.00078,Binance
76499.87,0.0001,Binance
76499.93,0.00048,Binance
76499.99,0.00261,Binance
76500.0,4.686,Binance
76500.01,0.00028,Binance
76500.11,1.32342,Binance
76500.14,0.11297,Binance
76500.29,0.11397,Binance
76500.38,0.06535,Binance
76500.41,0.00015,Binance
76500.52,0.01,Binance
76500.69,0.0066,Binance
76500.75,0.00053,Binance
76500.99,0.00048,Binance
76501.0,0.00021,Binance
76502.01,0.00228,Binance
76502.05,0.00048,Binance
76502.32,0.0001,Binance
76503.38,0.11397,Binance
76503.59,9e-05,Binance
76504.0,0.00041,Binance
76504.18,0.11345,Binance
76504.8,7e-05,Binance
76505.0,0.00026,Binance
76505.14,0.00029,Binance
76505.29,0.00024,Binance
76505.52,0.11397,Binance
76505.68,0.00156,Binance
76505.72,8e-05,Binance
76505.77,0.002,Binance
76505.95,0.01,Binance
76506.31,0.00048,Binance
76506.38,0.01159,Binance
76506.76,0.11297,Binance
76507.05,0.11457,Binance
76507.19,9e-05,Binance
76507.32,0.00125,Binance
76507.73,0.22794,Binance
76507.9,0.00011,Binance
76507.99,0.00065,Binance
76508.02,0.03276,Binance
76508.05,0.00021,Binance
76508.2,0.00021,Binance
76508.37,0.0001,Binance
76508.43,0.11297,Binance
76508.47,0.00048,Binance
76508.92,0.01,Binance
76509.01,0.00032,Binance
76509.09,0.00011,Binance
76509.21,0.22794,Binance
76509.22,0.11297,Binance
76509.37,0.11297,Binance
76509.96,0.00028,Binance
76510.0,0.00322,Binance
76510.21,0.00044,Binance
76510.34,0.11297,Binance
76510.56,0.00027,Binance
76510.85,0.22594,Binance
76510.99,0.00048,Binance
76511.07,0.02642,Binance
76511.15,0.014,Binance
76511.16,0.014,Binance
76511.2,0.014,Binance
76511.36,0.014,Binance
76511.37,0.014,Binance
76511.43,0.014,Binance
76511.46,0.12697,Binance
