Price,Size,Side
27889.84000000,0.00936000,sell
27889.83000000,0.00094000,sell
27889.75000000,0.00096000,sell
27889.71000000,0.00039000,sell
27889.59000000,0.00090000,sell
27889.54000000,0.00042000,sell
27889.51000000,0.00095000,sell
27889.5,0.0009531,sell
27889.44000000,0.00309000,sell
27889.4,0.00001014,sell
27889.36000000,0.00115000,sell
27889.32000000,0.00043000,sell
27889.30000000,0.00551000,sell
27889.24000000,0.00041000,sell
27889.23000000,0.00039000,sell
27889.20000000,0.01008000,sell
27889.12000000,0.00041000,sell
27889.00000000,0.00077000,sell
27888.91000000,0.05498000,sell
27888.9,0.00058548,sell
27888.88000000,0.00230000,sell
27888.87000000,0.00038000,sell
27888.86000000,0.01729000,sell
27888.84000000,0.00266000,sell
27888.8,0.00229668,sell
27888.70000000,0.00038000,sell
27888.7,0.00167851,sell
27888.47000000,0.00479000,sell
27888.44000000,0.00115000,sell
27888.40000000,0.00291000,sell
27888.4,0.01601111,sell
27888.36000000,0.00364000,sell
27888.3,0.0000356,sell
27888.20000000,0.00041000,sell
27888.2,0.0042117,sell
27888.06000000,0.07329000,sell
27888.05000000,0.00718000,sell
27888.02000000,0.00037000,sell
27888.00000000,2.26735000,sell
27888,0.0720405,sell
27887.93000000,0.00045000,sell
27887.90000000,0.18696000,sell
27887.9,0.00012203,sell
27887.87000000,0.00181000,sell
27887.86000000,0.00368000,sell
27887.78000000,0.01569000,sell
27887.73000000,0.00066000,sell
27887.7,0.0001793,sell
27887.62000000,0.00055000,sell
27887.61000000,0.00038000,sell
27887.50000000,0.00106000,sell
27887.5,0.00176692,sell
27887.41000000,0.00062000,sell
27887.4,0.00004892,sell
27887.39000000,0.00078000,sell
27887.33000000,0.00044000,sell
27887.32000000,0.09275000,sell
27887.28000000,0.00048000,sell
27887.22000000,0.00039000,sell
27887.21000000,0.00183000,sell
27887.2,0.019,sell
27887.1,0.00007854,sell
27887.00000000,0.00121000,sell
27887,0.00003391,sell
27886.99000000,0.00218000,sell
27886.9,0.00001865,sell
27886.86000000,0.00072000,sell
27886.82000000,0.00657000,sell
27886.7,0.00072127,sell
27886.66000000,0.00100000,sell
27886.62000000,0.00212000,sell
27886.61000000,0.00129000,sell
27886.6,0.00006217,sell
27886.54000000,0.00562000,sell
27886.5,0.00027027,sell
27886.48000000,0.00079000,sell
27886.44000000,0.00037000,sell
27886.4,0.00574994,sell
27886.39000000,0.01527000,sell
27886.36000000,0.02953000,sell
27886.3,0.00007948,sell
27886.20000000,0.04231000,sell
27886.10000000,0.00058000,sell
27886.1,0.00001001,sell
27886,0.00069562,sell
27885.99000000,0.00373000,sell
27885.90000000,0.00158000,sell
27885.9,0.00014756,sell
27885.80000000,0.00408000,sell
27885.8,0.00236863,sell
27885.77000000,0.01038000,sell
27885.76000000,0.01694000,sell
27885.71000000,0.00048000,sell
27885.7,0.00826521,sell
27885.68000000,0.30520000,sell
27885.64000000,0.00056000,sell
27885.59000000,0.00040000,sell
27885.58000000,0.00040000,sell
27885.56000000,0.00195000,sell
27885.49000000,0.00062000,sell
27885.48000000,0.00038000,sell
27885.47000000,0.00203000,sell
27885.41000000,0.00039000,sell
27885.4,0.00001053,sell
27885.35000000,0.00037000,sell
27885.3,0.00001277,sell
27885.29000000,0.00046000,sell
27885.22000000,0.00123000,sell
27885.2,0.0000188,sell
27885.17000000,0.00040000,sell
27885.1,0.00003011,sell
27885.00000000,0.00456000,sell
27885,0.00838342,sell
27884.99000000,0.00203000,sell
27884.91000000,0.00040000,sell
27884.90000000,0.03611000,sell
27884.89000000,0.00126000,sell
27884.85000000,0.00763000,sell
27884.82000000,0.00042000,sell
27884.70000000,0.00068000,sell
27884.7,0.00001183,sell
27884.65000000,0.00054000,sell
27884.61000000,0.00038000,sell
27884.60000000,0.00038000,sell
27884.6,0.00002711,sell
27884.56000000,0.00214000,sell
27884.43000000,0.01134000,sell
27884.42000000,0.00146000,sell
27884.4,0.00009045,sell
27884.36000000,0.00045000,sell
27884.34000000,0.00146000,sell
27884.3,0.00014347,sell
27884.2,0.00040144,sell
27884.1,0.00004783,sell
27884.00000000,0.36497000,sell
27884,1.70437,sell
27883.99000000,0.00050000,sell
27883.96000000,0.00038000,sell
27883.95000000,0.00038000,sell
27883.89000000,0.00042000,sell
27883.8,0.00001121,sell
27883.77000000,0.00039000,sell
27883.7,0.00033772,sell
27883.66000000,0.00089000,sell
27883.61000000,0.00037000,sell
27883.6,0.00084641,sell
27883.58000000,0.00370000,sell
27883.51000000,0.00080000,sell
27883.5,0.00039587,sell
27883.43000000,0.00039000,sell
27883.42000000,0.00037000,sell
27883.4,0.00010304,sell
27883.39000000,0.00144000,sell
27883.33000000,0.00361000,sell
27883.3,0.00934627,sell
27883.2,0.00475774,sell
27883.1,0.00015052,sell
27883.03000000,0.00058000,sell
27883,0.00009436,sell
27882.97000000,0.00038000,sell
27882.95000000,0.00070000,sell
27882.90000000,0.00042000,sell
27882.9,0.00035197,sell
27882.82000000,0.00239000,sell
27882.78000000,0.00048000,sell
27882.77000000,0.00218000,sell
27882.76000000,0.00547000,sell
27882.70000000,0.00225000,sell
27882.7,0.00005268,sell
27882.69000000,0.00042000,sell
27882.6,0.00240095,sell
27882.58000000,0.00039000,sell
27882.56000000,0.00077000,sell
27882.50000000,0.00083000,sell
27882.5,0.0006918,sell
27882.35000000,0.00241000,sell
27882.34000000,0.00041000,sell
27882.3,0.00110898,sell
27882.28000000,0.00079000,sell
27882.25000000,0.00036000,sell
27882.2,0.00025501,sell
27882.12000000,0.00037000,sell
27882.10000000,0.00122000,sell
27882.05000000,0.00037000,sell
27882.00000000,0.00115000,sell
27881.99000000,0.00060000,sell
27881.97000000,0.00053000,sell
27881.90000000,0.00054000,sell
27881.9,0.00005234,sell
27881.88000000,0.00567000,sell
27881.81000000,0.00083000,sell
27881.8,0.0002392,sell
27881.71000000,0.47683000,sell
27881.7,0.00056519,sell
27881.65000000,0.00439000,sell
27881.6,0.00006633,sell
27881.52000000,0.00078000,sell
27881.44000000,0.00041000,sell
27881.4,0.00754801,sell
27881.30000000,0.00100000,sell
27881.18000000,0.00066000,sell
27881.1,0.00409918,sell
27881.07000000,0.00323000,sell
27881.04000000,0.00128000,sell
27881.02000000,0.00119000,sell
27881.00000000,0.01436000,sell
27881,0.0031525,sell
27880.98000000,0.00043000,sell
27880.97000000,0.49085000,sell
27880.96000000,0.00038000,sell
27880.95000000,0.00038000,sell
27880.9,0.00058038,sell
27880.87000000,0.00074000,sell
27880.8,0.01119294,sell
27880.79000000,0.00040000,sell
27880.75000000,0.00044000,sell
27880.7,0.00005521,sell
27880.50000000,0.00533000,sell
27880.5,0.00012038,sell
27880.49000000,0.01663000,sell
27880.48000000,0.00064000,sell
27880.4,9.00002999,sell
27880.17000000,0.00048000,sell
27880.11000000,0.00072000,sell
27880.1,0.00017934,sell
27880.09000000,0.00037000,sell
27880.05000000,0.00121000,sell
27880.00000000,1.24626000,sell
27880,0.01194955,sell
27879.96000000,0.00094000,sell
27879.92000000,0.00042000,sell
27879.9,0.00012735,sell
27879.89000000,0.00039000,sell
27879.81000000,0.00218000,sell
27879.80000000,0.00037000,sell
27879.73000000,0.00128000,sell
27879.72000000,0.00080000,sell
27879.64000000,0.00125000,sell
27879.54000000,0.18696000,sell
27879.5,0.00017288,sell
27879.45000000,0.00282000,sell
27879.4,0.00025438,sell
27879.38000000,0.00055000,sell
27879.35000000,0.00062000,sell
27879.32000000,0.00037000,sell
27879.31000000,0.00074000,sell
27879.3,0.00002848,sell
27879.28000000,0.00127000,sell
27879.26000000,0.00037000,sell
27879.25000000,0.00137000,sell
27879.14000000,0.00496000,sell
27879.00000000,0.01000000,sell
27879,0.0026275,sell
27878.99000000,0.00409000,sell
27878.95000000,0.00060000,sell
27878.9,0.00112027,sell
27878.80000000,2.00000000,sell
27878.8,0.00048657,sell
27878.79000000,0.00050000,sell
27878.78000000,0.00304000,sell
27878.71000000,0.00200000,sell
27878.7,0.01594358,sell
27878.69000000,0.00042000,sell
27878.65000000,0.00114000,sell
27878.64000000,0.00745000,sell
27878.6,0.00067855,sell
27878.58000000,0.00302000,sell
27878.55000000,0.00228000,sell
27878.50000000,0.00085000,sell
27878.48000000,0.00075000,sell
27878.3,0.00408795,sell
27878.1,0.00003985,sell
27878.01000000,0.02194000,sell
27878.00000000,0.00049000,sell
27877.99000000,0.01561000,sell
27877.95000000,0.00041000,sell
27877.89000000,0.00038000,sell
27877.80000000,0.00043000,sell
27877.8,0.00001848,sell
27877.77000000,0.00352000,sell
27877.76000000,0.00044000,sell
27877.65000000,0.00837000,sell
27877.57000000,0.00075000,sell
27877.55000000,0.00188000,sell
27877.5,0.00002346,sell
27877.44000000,0.00091000,sell
27877.43000000,0.00056000,sell
27877.41000000,0.00037000,sell
27877.4,0.0000781,sell
27877.32000000,0.00115000,sell
27877.3,0.00174893,sell
27877.24000000,0.00239000,sell
27877.17000000,0.00116000,sell
27877.13000000,0.01857000,sell
27877.1,0.00003607,sell
27877.00000000,0.00076000,sell
27877,0.00084525,sell
27876.97000000,0.00268000,sell
27876.93000000,0.00094000,sell
27876.92000000,0.00040000,sell
27876.9,0.00017377,sell
27876.85000000,0.00041000,sell
27876.83000000,0.03360000,sell
27876.81000000,0.00064000,sell
27876.77000000,0.00058000,sell
27876.75000000,0.19552000,sell
27876.72000000,0.00207000,sell
27876.71000000,0.00450000,sell
27876.6,0.00007833,sell
27876.55000000,0.00050000,sell
27876.53000000,0.00229000,sell
27876.5,0.0000677,sell
27876.1,0.00072744,sell
27876.02000000,0.00040000,sell
27876.01000000,0.04138000,sell
27876,0.01,sell
27875.94000000,0.00048000,sell
27875.93000000,0.00507000,sell
27875.84000000,0.01090000,sell
27875.82000000,0.00083000,sell
27875.79000000,0.00044000,sell
27875.69000000,0.02871000,sell
27875.67000000,0.00037000,sell
27875.64000000,0.00070000,sell
27875.58000000,0.00054000,sell
27875.49000000,0.24236000,sell
27875.47000000,0.00152000,sell
27875.39000000,0.00039000,sell
27875.3,0.00001378,sell
27875.25000000,0.00090000,sell
27875.23000000,1.44095000,sell
27875.2,0.0000102,sell
27875.16000000,0.00356000,sell
27875.11000000,0.00040000,sell
27875.1,0.00182622,sell
27875.04000000,0.00053000,sell
27875.00000000,0.04596000,sell
27875,0.02115185,sell
27874.9,0.00008364,sell
27874.86000000,0.00041000,sell
27874.81000000,0.00044000,sell
27874.8,0.00008898,sell
27874.76000000,0.00872000,sell
27874.71000000,0.00043000,sell
27874.70000000,0.00040000,sell
27874.63000000,0.00117000,sell
27874.6,0.0000579,sell
27874.5,0.00003726,sell
27874.25000000,0.00074000,sell
27874.2,1.3536994,sell
27874.15000000,0.00045000,sell
27874.10000000,0.00149000,sell
27874.1,0.00099445,sell
27874,0.00035954,sell
27873.96000000,0.00077000,sell
27873.9,0.00002373,sell
27873.89000000,0.00048000,sell
27873.8,0.00010986,sell
27873.74000000,0.00117000,sell
27873.73000000,0.00039000,sell
27873.68000000,0.00050000,sell
27873.54000000,0.00413000,sell
27873.46000000,0.00092000,sell
27873.4,0.00001144,sell
27873.37000000,0.00040000,sell
27873.33000000,0.00063000,sell
27873.32000000,0.00082000,sell
27873.3,0.00011895,sell
27873.29000000,0.00146000,sell
27873.18000000,0.00049000,sell
27873.17000000,0.00064000,sell
27873.14000000,0.00039000,sell
27873.01000000,0.00230000,sell
27873.00000000,0.72186000,sell
27873,0.00196737,sell
27872.96000000,0.00093000,sell
27872.9,0.00045758,sell
27872.84000000,0.00763000,sell
27872.8,0.00007709,sell
27872.72000000,0.00371000,sell
27872.7,0.0000699,sell
27872.6,0.00097661,sell
27872.51000000,0.00042000,sell
27872.5,0.00400364,sell
27872.4,0.00017939,sell
27872.38000000,0.00037000,sell
27872.37000000,0.00837000,sell
27872.36000000,0.01885000,sell
27872.35000000,0.01075000,sell
27872.34000000,0.00049000,sell
27872.31000000,0.00086000,sell
27872.30000000,0.37977000,sell
27872.3,0.00415407,sell
27872.29000000,0.00066000,sell
27872.24000000,0.00181000,sell
27872.2,0.00081382,sell
27872.1,0.0000101,sell
27872.09000000,0.00040000,sell
27872.00000000,0.01069000,sell
27872,0.00002513,sell
27871.90000000,0.00040000,sell
27871.8,0.00010586,sell
27871.75000000,0.00060000,sell
27871.7,0.00031278,sell
27871.66000000,0.00239000,sell
27871.60000000,0.00047000,sell
27871.6,0.00024335,sell
27871.56000000,0.00080000,sell
27871.5,0.00002861,sell
27871.46000000,0.00364000,sell
27871.44000000,0.00041000,sell
27871.42000000,0.00958000,sell
27871.4,0.00936338,sell
27871.3,0.0001324,sell
27871.2,0.00064324,sell
27871.18000000,0.18696000,sell
27871.17000000,0.01846000,sell
27871.14000000,0.00192000,sell
27871.05000000,0.00041000,sell
27871,0.00456948,sell
27870.97000000,0.00428000,sell
27870.96000000,0.00239000,sell
27870.9,0.00017677,sell
27870.84000000,0.00054000,sell
27870.83000000,0.00632000,sell
27870.80000000,0.00044000,sell
27870.78000000,0.00120000,sell
27870.74000000,0.00666000,sell
27870.70000000,0.00080000,sell
27870.69000000,0.00039000,sell
27870.61000000,0.07214000,sell
27870.60000000,0.00078000,sell
27870.6,0.00005875,sell
27870.58000000,0.00075000,sell
27870.50000000,0.88000000,sell
27870.5,0.00701216,sell
27870.44000000,0.00038000,sell
27870.4,0.00125011,sell
27870.3,0.00001095,sell
27870.26000000,0.00630000,sell
27870.23000000,0.00042000,sell
27870.2,0.00012962,sell
27870.15000000,0.00146000,sell
27870.1,0.00002387,sell
27870.00000000,0.04963000,sell
27870,0.00727289,sell
27869.95000000,0.00269000,sell
27869.75000000,0.00069000,sell
27869.65000000,0.00045000,sell
27869.64000000,0.00371000,sell
27869.56000000,0.00042000,sell
27869.5,0.0053596,sell
27869.44000000,0.00387000,sell
27869.40000000,0.00085000,sell
27869.24000000,0.00039000,sell
27869.23000000,0.00039000,sell
27869.21000000,0.00291000,sell
27869.2,0.00011976,sell
27869.19000000,0.00128000,sell
27869.17000000,0.00040000,sell
27869.10000000,0.00177000,sell
27869.03000000,0.00080000,sell
27869.00000000,0.06948000,sell
27869,0.00033718,sell
27868.99000000,0.00060000,sell
27868.95000000,0.00114000,sell
27868.9,0.00005226,sell
27868.88000000,0.00049000,sell
27868.8,0.0011315,sell
27868.75000000,0.00081000,sell
27868.6,0.00002508,sell
27868.53000000,0.00322000,sell
27868.5,0.00003225,sell
27868.48000000,0.01419000,sell
27868.42000000,0.00387000,sell
27868.4,0.01032661,sell
27868.30000000,0.00101000,sell
27868.3,0.00014462,sell
27868.23000000,0.00172000,sell
27868.15000000,0.00041000,sell
27868.14000000,0.00041000,sell
27868.13000000,0.00115000,sell
27868.1,0.00009503,sell
27868.07000000,0.00133000,sell
27868.02000000,0.00073000,sell
27868.00000000,0.00050000,sell
27868,0.00213589,sell
27867.97000000,0.00089000,sell
27867.93000000,0.00041000,sell
27867.9,0.00052244,sell
27867.8,0.00063734,sell
27867.7,0.0000226,sell
27867.61000000,0.00045000,sell
27867.56000000,0.00056000,sell
27867.54000000,0.00182000,sell
27867.50000000,0.01574000,sell
27867.49000000,0.00040000,sell
27867.46000000,0.00746000,sell
27867.41000000,0.00782000,sell
27867.34000000,0.00234000,sell
27867.31000000,0.00716000,sell
27867.30000000,0.00107000,sell
27867.3,0.00008832,sell
27867.29000000,0.00294000,sell
27867.18000000,0.00040000,sell
27867.12000000,0.00260000,sell
27867.1,0.00019076,sell
27867.05000000,0.04024000,sell
27867.04000000,0.00040000,sell
27867.00000000,0.03282000,sell
27867,0.00003504,sell
27866.95000000,0.00048000,sell
27866.90000000,0.00037000,sell
27866.9,0.00008991,sell
27866.89000000,0.00206000,sell
27866.84000000,0.00489000,sell
27866.80000000,0.50084000,sell
27866.67000000,0.00045000,sell
27866.66000000,0.01628000,sell
27866.65000000,0.00297000,sell
27866.64000000,0.00524000,sell
27866.6,0.00323257,sell
27866.56000000,0.00037000,sell
27866.55000000,0.00244000,sell
27866.51000000,0.00051000,sell
27866.5,0.00406174,sell
27866.45000000,0.00063000,sell
27866.41000000,0.00128000,sell
27866.37000000,0.00214000,sell
27866.35000000,0.00045000,sell
27866.3,0.00004919,sell
27866.27000000,0.00089000,sell
27866.24000000,0.00129000,sell
27866.12000000,0.00048000,sell
27866.10000000,0.00045000,sell
27866.08000000,0.00239000,sell
27866.00000000,0.11930000,sell
27866,0.00026554,sell
27865.98000000,0.00128000,sell
27865.92000000,0.00067000,sell
27865.81000000,0.00081000,sell
27865.80000000,0.00156000,sell
27865.79000000,0.00040000,sell
27865.71000000,0.00078000,sell
27865.7,0.00048212,sell
27865.5,0.00074998,sell
27865.43000000,0.00052000,sell
27865.4,0.00067791,sell
27865.38000000,0.00169000,sell
27865.30000000,0.00088000,sell
27865.3,0.00104785,sell
27865.15000000,0.00045000,sell
27865.14000000,0.00242000,sell
27865.11000000,0.00061000,sell
27865.1,0.00013389,sell
27865.08000000,0.00718000,sell
27865.05000000,0.00063000,sell
27865.00000000,0.34676000,sell
27865,0.00407508,sell
27864.97000000,0.00040000,sell
27864.91000000,0.00039000,sell
27864.86000000,0.00044000,sell
27864.73000000,6.25000000,sell
27864.7,0.00017944,sell
27864.64000000,0.00041000,sell
27864.6,0.00507742,sell
27864.55000000,0.00038000,sell
27864.54000000,0.00126000,sell
27864.50000000,0.00403000,sell
27864.5,0.00035559,sell
27864.44000000,0.00125000,sell
27864.42000000,0.00144000,sell
27864.32000000,0.00042000,sell
27864.3,0.0400976,sell
27864.23000000,0.00367000,sell
27864.2,0.00005168,sell
27864.18000000,0.00041000,sell
27864.12000000,0.00061000,sell
27864.1,0.00005065,sell
27864.08000000,0.00079000,sell
27864.06000000,0.00117000,sell
27864.04000000,0.00044000,sell
27864.00000000,0.01206000,sell
27864,0.9637144,sell
27863.9,0.00077545,sell
27863.88000000,0.00047000,sell
27863.85000000,0.00101000,sell
27863.83000000,0.00046000,sell
27863.8,0.000253,sell
27863.79000000,0.00038000,sell
27863.7,0.00164851,sell
27863.65000000,0.00039000,sell
27863.63000000,0.00049000,sell
27863.6,0.00807233,sell
27863.54000000,0.00046000,sell
27863.43000000,0.00044000,sell
27863.4,0.00776568,sell
27863.3,0.00002721,sell
27863.28000000,0.00041000,sell
27863.27000000,0.00458000,sell
27863.06000000,0.00039000,sell
27863.00000000,0.00038000,sell
27863,0.00342505,sell
27862.91000000,0.00149000,sell
27862.9,0.00532528,sell
27862.89000000,0.00130000,sell
27862.88000000,0.00463000,sell
27862.84000000,0.06901000,sell
27862.82000000,0.18696000,sell
27862.8,0.00041365,sell
27862.7,0.00097426,sell
27862.6,0.00089738,sell
27862.5,0.00279498,sell
27862.4,0.0000349,sell
27862.3,0.0001422,sell
27862.2,0.00014455,sell
27862.15000000,0.00041000,sell
27862.1,0.00001712,sell
27862.06000000,0.00102000,sell
27862.00000000,0.00043000,sell
27862,0.00003889,sell
27861.99000000,0.00161000,sell
27861.7,0.00121455,sell
27861.68000000,0.00270000,sell
27861.53000000,0.00040000,sell
27861.4,0.00380232,sell
27861.3,0.00001056,sell
27861.2,0.00118807,sell
27861.12000000,0.00777000,sell
27860.8,0.00179463,sell
27860.61000000,0.00040000,sell
27860.6,0.00001035,sell
27860.51000000,0.00412000,sell
27860.46000000,0.00039000,sell
27860.4,0.00052861,sell
27860.20000000,0.00070000,sell
27860.2,0.00161301,sell
27860.1,0.00001036,sell
27860.03000000,0.00128000,sell
27860.00000000,0.03448000,sell
27860,0.02038069,sell
27859.93000000,0.00058000,sell
27859.84000000,0.00051000,sell
27859.8,0.00003872,sell
27859.79000000,0.07179000,sell
27859.6,0.00008587,sell
27859.50000000,0.00358000,sell
27859.5,0.00011953,sell
27859.41000000,0.00135000,sell
27859.4,0.00010562,sell
27859.3,0.00006661,sell
27859.17000000,0.00094000,sell
27859.13000000,0.00160000,sell
27859.00000000,0.00766000,sell
27859,0.00086788,sell
27858.9,0.00060007,sell
27858.75000000,0.00143000,sell
27858.6,0.00064454,sell
27858.50000000,0.00038000,sell
27858.5,10.44102273,sell
27858.39000000,0.38237000,sell
27858.38000000,0.01242000,sell
27858.22000000,0.00042000,sell
27858.11000000,0.00040000,sell
27858.10000000,0.00115000,sell
27858.09000000,0.03760000,sell
27858.00000000,0.07773000,sell
27857.9,0.00001962,sell
27857.81000000,0.00049000,sell
27857.64000000,0.00039000,sell
27857.6,0.0000242,sell
27857.43000000,0.00349000,sell
27857.18000000,0.00037000,sell
27857.14000000,0.02341000,sell
27857.1,0.00971229,sell
27857.08000000,0.00037000,sell
27857.04000000,0.00112000,sell
27856.93000000,18.33722000,sell
27856.9,0.00017949,sell
27856.8,7.20386598,sell
27856.72000000,0.03011000,sell
27856.70000000,0.00054000,sell
27856.47000000,0.01047000,sell
27856.38000000,0.00047000,sell
27856.37000000,0.00203000,sell
27856.09000000,0.00050000,sell
27856.00000000,0.00540000,sell
27855.55000000,0.00172000,sell
27855.1,0.000601,sell
27855.00000000,0.03232000,sell
27855,0.0513767,sell
27854.8,0.0012209,sell
27854.7,0.00020049,sell
27854.6,0.00007582,sell
27854.5,0.0003261,sell
27854.46000000,0.18725000,sell
27854.1,0.02,sell
27854.03000000,0.00087000,sell
27854.00000000,0.01578000,sell
27854,0.00004545,sell
27853.9,0.00004122,sell
27853.81000000,0.00039000,sell
27853.67000000,0.00038000,sell
27853.55000000,0.00040000,sell
27853.52000000,0.00038000,sell
27853.5,0.01,sell
27853.46000000,0.00038000,sell
27853.4,0.01500604,sell
27853.33000000,0.00562000,sell
27853.3,0.01025202,sell
27853.27000000,0.00037000,sell
27853.24000000,0.00041000,sell
27853,0.10770854,sell
27852.93000000,0.00128000,sell
27852.91000000,0.00064000,sell
27852.8,0.00005513,sell
27852.54000000,0.00049000,sell
27852.5,0.00001025,sell
27852.44000000,0.00091000,sell
27852.30000000,0.00158000,sell
27852.3,0.00047456,sell
27852.17000000,0.00093000,sell
27852.12000000,0.03231000,sell
27852.1,0.00027702,sell
27852.05000000,0.00045000,sell
27852.03000000,0.00449000,sell
27852,0.00494259,sell
27851.86000000,0.00728000,sell
27851.85000000,0.00061000,sell
27851.82000000,0.01510000,sell
27851.8,0.00001846,sell
27851.59000000,0.03145000,sell
27851.41000000,0.43720000,sell
27851.40000000,0.00038000,sell
27851.09000000,0.00048000,sell
27851,0.01,sell
27850.95000000,0.00277000,sell
27850.91000000,0.00257000,sell
27850.74000000,0.00188000,sell
27850.73000000,0.00042000,sell
27850.65000000,0.00100000,sell
27850.50000000,0.00039000,sell
27850.47000000,0.00059000,sell
27850.46000000,0.02015000,sell
27850.30000000,0.00043000,sell
27850.3,0.00007902,sell
27850.11000000,0.00087000,sell
27850.09000000,0.00300000,sell
27850.08000000,0.00400000,sell
27850.07000000,0.00300000,sell
27850.06000000,0.00400000,sell
27850.05000000,0.01451000,sell
27850.04000000,0.00600000,sell
27850.03000000,0.00300000,sell
27850.00000000,1.87477000,sell
27850,0.00120496,sell
27849.8,0.00018701,sell
27849.55000000,0.00070000,sell
27849.54000000,0.01795000,sell
27849.53000000,0.00042000,sell
27849.50000000,0.00037000,sell
27849.5,0.01277638,sell
27849.25000000,0.00132000,sell
27849.2,0.00003183,sell
27849.12000000,0.00240000,sell
27849,0.00017954,sell
27848.4,0.00002557,sell
27848.37000000,0.00076000,sell
27848.33000000,0.01025000,sell
27848.3,0.00065987,sell
27848.07000000,0.00118000,sell
27848.00000000,0.00510000,sell
27847.98000000,0.00039000,sell
27847.94000000,0.00054000,sell
27847.8,1.82315455,sell
27847.66000000,0.59985000,sell
27847.20000000,0.00140000,sell
27847.05000000,0.00039000,sell
27846.6,0.00104642,sell
27846.50000000,0.00057000,sell
27846.32000000,0.00181000,sell
27846.2,0.00002354,sell
27846.11000000,0.18682000,sell
27845.84000000,0.00344000,sell
27845.83000000,0.00115000,sell
27845.8,0.00003385,sell
27845.74000000,0.00146000,sell
27845.50000000,0.00289000,sell
27845.17000000,0.03652000,sell
27845.10000000,0.00040000,sell
27845,2.978,sell
27844.28000000,0.00039000,sell
27844.16000000,0.00045000,sell
27843.99000000,0.00039000,sell
27843.98000000,0.00167000,sell
27843.68000000,0.00307000,sell
27843.6,0.00001493,sell
27843.48000000,0.00159000,sell
27843.47000000,0.00243000,sell
27843.41000000,0.01876000,sell
27843.1,0.00759867,sell
27842.97000000,0.00057000,sell
27842.85000000,0.00071000,sell
27842.8,0.00851806,sell
27842.74000000,1.50000000,sell
27842.50000000,0.00105000,sell
27842.3,0.00002378,sell
27842.23000000,0.01800000,sell
27842.2,0.01800325,sell
27842.10000000,0.00038000,sell
27842.1,0.00003396,sell
27842.00000000,0.00171000,sell
27842,0.00011457,sell
27841.64000000,0.00050000,sell
27841.1,0.0001796,sell
27841.00000000,2.88065000,sell
27840.78000000,0.00286000,sell
27840.11000000,0.00252000,sell
27840.00000000,0.11695000,sell
27840,0.00016067,sell
27839.70000000,0.01015000,sell
27839.62000000,0.00078000,sell
27839.24000000,0.00055000,sell
27838.93000000,0.00197000,sell
27838.88000000,0.00122000,sell
27838.78000000,0.03603000,sell
27838.4,0.01,sell
27838.32000000,2.16049000,sell
27838.26000000,0.00045000,sell
27837.76000000,0.18682000,sell
27837.62000000,0.00100000,sell
27837.50000000,0.00040000,sell
27837.1,0.00052038,sell
27836.9,2.160866,sell
27836.89000000,0.08248000,sell
27836.8,0.00003098,sell
27836.52000000,0.43548000,sell
27836.40000000,0.00039000,sell
27835.93000000,0.01497000,sell
27835.91000000,0.00090000,sell
27835.90000000,0.00504000,sell
27835.73000000,0.00173000,sell
27835.71000000,0.00038000,sell
27835.7,0.00022961,sell
27835.66000000,0.01581000,sell
27835.29000000,0.00059000,sell
27834.86000000,0.00285000,sell
27834.78000000,0.00056000,sell
27834.76000000,0.00048000,sell
27834.70000000,7.33582000,sell
27834.64000000,0.00044000,sell
27834.53000000,0.00300000,sell
27834.40000000,0.19803000,sell
27834,0.06657423,sell
27833.90000000,0.00216000,sell
27833.85000000,0.06000000,sell
27833.78000000,0.04799000,sell
27833.46000000,0.31855000,sell
27833.36000000,0.00197000,sell
27833.33000000,0.00038000,sell
27833.19000000,0.08982000,sell
27833.1,0.00017965,sell
27833.00000000,0.00710000,sell
27832.93000000,0.00037000,sell
27832.33000000,0.01729000,sell
27832.25000000,0.00046000,sell
27832.2,0.00002372,sell
27832,0.07201422,sell
27831.32000000,0.23142000,sell
27831.3,0.00087648,sell
27831.23000000,0.09000000,sell
27831.2,0.01,sell
27831.18000000,0.08410000,sell
27830.75000000,0.09000000,sell
27830.45000000,0.03603000,sell
27830.00000000,0.07261000,sell
27829.41000000,0.18682000,sell
27829.3,0.00236863,sell
27829.14000000,0.00041000,sell
27829.08000000,0.00100000,sell
27828.57000000,0.00048000,sell
27828.5,0.00126214,sell
27828.43000000,0.00055000,sell
27828.4,0.03716417,sell
27827.80000000,0.00197000,sell
27827.21000000,0.00123000,sell
27827.16000000,0.03013000,sell
27826,0.01,sell
27825.99000000,0.09000000,sell
27825.8,2.07134998,sell
27825.76000000,0.00053000,sell
27825.68000000,0.00199000,sell
27825.67000000,0.00534000,sell
27825.51000000,0.00050000,sell
27825.11000000,0.02228000,sell
27825.00000000,0.00343000,sell
27825,0.00023494,sell
27824.68000000,0.01499000,sell
27824.48000000,0.00806000,sell
27824.11000000,0.00070000,sell
27823.90000000,0.00039000,sell
27823.60000000,7.33582000,sell
27823.52000000,0.00187000,sell
27822.8,1.79980654,sell
27822.7,0.914,sell
27822.57000000,0.00128000,sell
27822.23000000,0.00197000,sell
27822.2,0.01457926,sell
27822.12000000,0.03602000,sell
27821.95000000,0.94620000,sell
27821.29000000,0.17028000,sell
27821.2,3.19172555,sell
27821.09000000,0.00128000,sell
27821.06000000,0.18692000,sell
27821,0.00719,sell
27820.90000000,0.50000000,sell
27820.64000000,0.02131000,sell
27820.6,0.00004891,sell
27820.5,0.00059886,sell
27820.00000000,0.13105000,sell
27819.80000000,0.08467000,sell
27819.79000000,0.00870000,sell
27819.78000000,0.00107000,sell
27819.77000000,0.00480000,sell
27818.81000000,0.07060000,sell
27818.66000000,0.00133000,sell
27818,0.14402737,sell
27817.66000000,0.00070000,sell
27817.51000000,0.00240000,sell
27817.50000000,0.04180000,sell
27817.4,0.109,sell
27817.35000000,0.00904000,sell
27817.13000000,0.00470000,sell
27817.10000000,0.12164000,sell
27817.09000000,0.06604000,sell
27816.99000000,0.01387000,sell
27816.84000000,0.04624000,sell
27816.8,0.00017975,sell
27816.67000000,0.00197000,sell
27816.50000000,0.08987000,sell
27815.82000000,0.01385000,sell
27815.4,0.20001872,sell
27813.80000000,7.33582000,sell
27813.79000000,0.03601000,sell
27813.33000000,0.15005000,sell
27812.9,0.24301872,sell
27812.74000000,0.20000000,sell
27812.72000000,0.18692000,sell
27812.6,0.15003132,sell
27812.4,0.01797761,sell
27812.2,0.03230419,sell
27811.7,0.15725357,sell
27811.5,2.49,sell
27811.42000000,0.04150000,sell
27811.3,0.10786986,sell
27811.11000000,0.00197000,sell
27811.04000000,0.00100000,sell
27810.45000000,0.00045000,sell
27810.18000000,3.12000000,sell
27810.17000000,0.10800000,sell
27810.1,1.07148993,sell
27810.00000000,0.08990000,sell
27809.68000000,0.00044000,sell
27809.57000000,0.03100000,sell
27809.4,0.20001943,sell
27809.29000000,0.02134000,sell
27809.1,0.40003744,sell
27808.72000000,0.08702000,sell
27808.64000000,0.00050000,sell
27808.6,0.00017981,sell
27808.40000000,0.00240000,sell
27808.3,0.4,sell
27807.7,0.11001029,sell
27807.4,0.00008608,sell
27807.3,3.19172555,sell
27807.22000000,0.03230000,sell
27807.21000000,0.02102000,sell
27807.00000000,0.00431000,sell
27806.70000000,0.00510000,sell
27806.6,3.20472555,sell
27806.56000000,0.03676000,sell
27805.90000000,0.21426000,sell
27805.89000000,0.12859000,sell
27805.8,0.01798187,sell
27805.7,0.03378105,sell
27805.55000000,0.18180000,sell
27805.46000000,0.03600000,sell
27805.43000000,0.00240000,sell
27805.00000000,0.01248000,sell
27804.8,0.10819494,sell
27804.74000000,0.00044000,sell
27804.6,0.000044,sell
27804.5,0.01798276,sell
27804.38000000,0.18692000,sell
27804.27000000,0.15484000,sell
27804.03000000,0.00122000,sell
27804,0.1440917,sell
27803.81000000,0.25000000,sell
27803.73000000,0.03176000,sell
27803.72000000,0.00671000,sell
27803.4,0.10801721,sell
27802.27000000,0.00044000,sell
27802.25000000,0.03201000,sell
27802.2,0.3,sell
27801.52000000,0.03149000,sell
27801.1,4.7462,sell
27801,0.01,sell
27800.88000000,0.00052000,sell
27800.79000000,0.25000000,sell
27800.6,1.9157605,sell
27800.34000000,0.40000000,sell
27800.29000000,0.25000000,sell
27800.12000000,0.00590000,sell
27800.11000000,0.43318000,sell
27800.08000000,3.59588000,sell
27800.06000000,0.25997000,sell
27800.00000000,0.17455000,sell
27799.99000000,0.18180000,sell
27799.82000000,0.08987000,sell
27799.80000000,0.00044000,sell
27799.8,0.25988839,sell
27799.72000000,0.12000000,sell
27799.66000000,0.00128000,sell
27799.4,0.02,sell
27799.00000000,0.04397000,sell
27798.99000000,0.04016000,sell
27798.7,0.20791071,sell
27798.6,0.05,sell
27798.48000000,0.02727000,sell
27798.22000000,0.18000000,sell
27798.1,0.71960461,sell
27797.93000000,0.03002000,sell
27797.9,0.0394461,sell
27797.8,1.82562661,sell
27797.33000000,0.00044000,sell
27797.13000000,0.03599000,sell
27797.00000000,0.43318000,sell
27796.63000000,0.03729000,sell
27796.62000000,0.25993000,sell
27796.6,0.5041475,sell
27796.29000000,0.01870000,sell
27796.07000000,0.00039000,sell
27796.04000000,0.18712000,sell
27796.00000000,0.02197000,sell
27795.6,0.13562726,sell
27795.54000000,0.03295000,sell
27795.28000000,0.02253000,sell
27795.23000000,0.97100000,sell
27795.22000000,0.58265000,sell
27795.2,0.25988839,sell
27795,2.0502,sell
27794.9,0.59588664,sell
27794.87000000,0.00100000,sell
27794.86000000,0.00044000,sell
27794.43000000,0.18189000,sell
27794.4,0.25,sell
27793.81000000,0.30000000,sell
27793.8,0.00966667,sell
27793.6,0.1,sell
27793.58000000,0.34654000,sell
27793.48000000,0.30000000,sell
27793.46000000,0.08707000,sell
27792.6,0.72026146,sell
27792.43000000,0.03000000,sell
27792.39000000,0.00044000,sell
27792.32000000,0.00898000,sell
27792.3,1.78103906,sell
27792.20000000,3.53834000,sell
27792.2,5.07466317,sell
27792.19000000,2.12302000,sell
27792.1,0.17758318,sell
27791.95000000,0.15553000,sell
27791.9,0.35812523,sell
27791.84000000,0.01063000,sell
27791.53000000,0.01778000,sell
27791.4,0.25,sell
27791.36000000,0.00281000,sell
27790.8,0.38830894,sell
27790.55000000,0.46782000,sell
27790.3,0.23298539,sell
27790.27000000,0.28071000,sell
27790.1,0.04784355,sell
27790.03000000,0.00070000,sell
27790.00000000,0.08996000,sell
27789.97000000,0.04005000,sell
27789.92000000,0.00044000,sell
27789.83000000,0.01000000,sell
27789.8,0.1,sell
27789.6,0.051,sell
27789.53000000,0.16312000,sell
27789.44000000,0.10000000,sell
27789.35000000,0.17000000,sell
27789.29000000,0.04337000,sell
27789.1,0.1079661,sell
27789,1.59990319,sell
27788.97000000,0.00185000,sell
27788.9,0.95994194,sell
27788.87000000,0.18189000,sell
27788.80000000,0.03605000,sell
27788.78000000,0.07514000,sell
27788.70000000,0.10000000,sell
27788.42000000,0.01588000,sell
27788.28000000,0.00088000,sell
27788.1,0.4822041,sell
27787.97000000,0.00648000,sell
27787.83000000,0.01821000,sell
27787.71000000,0.00104000,sell
27787.70000000,0.18716000,sell
27787.52000000,0.07095000,sell
27787.45000000,0.00044000,sell
27787.43000000,0.00100000,sell
27787.3,2.08419404,sell
27787.2,1.2505165,sell
27787.13000000,0.04000000,sell
27787,0.7233582,sell
27786.96000000,0.00361000,sell
27786.6,0.43401501,sell
27786.58000000,0.00901000,sell
27786.5,0.06781363,sell
27786.46000000,0.03759000,sell
27786.42000000,0.09395000,sell
27786.41000000,0.00100000,sell
27786.40000000,0.03843000,sell
27786.1,0.01472177,sell
27786.08000000,0.97100000,sell
27786.07000000,0.58269000,sell
27786,0.35999129,sell
27785.81000000,0.08000000,sell
27785.7,0.39785265,sell
27785.6,0.05,sell
27785.5,0.019,sell
27785.2,0.3,sell
27785.19000000,0.14000000,sell
27785.1,0.18641273,sell
27785.03000000,0.02281000,sell
27785,0.0719774,sell
27784.98000000,0.00044000,sell
27784.81000000,0.21595000,sell
27784.6,0.00892886,sell
27784.42000000,0.08000000,sell
27784.38000000,0.18247000,sell
27784.3,0.05401,sell
27784,0.09679831,sell
27783.97000000,0.01400000,sell
27783.75000000,0.09681000,sell
27783.74000000,0.05810000,sell
27783.53000000,0.00361000,sell
27783.52000000,0.00361000,sell
27783.5,0.00017997,sell
27783.31000000,0.18189000,sell
27783.3,4.77299083,sell
27783.26000000,0.05953000,sell
27783.2,2.99003498,sell
27783.15000000,3.68807000,sell
27783.14000000,2.21290000,sell
27783.13000000,0.00128000,sell
27783,0.36000425,sell
27782.8,0.7,sell
27782.73000000,0.00361000,sell
27782.7,0.42000008,sell
27782.54000000,0.03080000,sell
27782.51000000,0.00044000,sell
27782.4,0.00052868,sell
27782.22000000,0.10000000,sell
27781.71000000,0.10000000,sell
27781.69000000,0.00037000,sell
27781.54000000,0.00918000,sell
27781.42000000,0.03926000,sell
27781.4,0.01871058,sell
27781.39000000,0.00824000,sell
27781.2,0.0701914,sell
27781,0.35983581,sell
27780.72000000,0.10000000,sell
27780.69000000,0.02411000,sell
27780.47000000,0.03609000,sell
27780.44000000,0.01400000,sell
27780.39,0.00075,sell
27780.35000000,0.04011000,sell
27780.20000000,0.00100000,sell
27780.2,0.09719152,sell
27780.13000000,0.02519000,sell
27780.08000000,0.28100000,sell
27780.04000000,0.00044000,sell
27780.00000000,0.09879000,sell
27780,0.46005221,sell
27779.86000000,0.82920000,sell
27779.82000000,0.07410000,sell
27779.60000000,0.07500000,sell
27779.59000000,0.49753000,sell
27779.5,0.00003414,sell
27779.47000000,0.00176000,sell
27779.4,0.208906,sell
27779.37000000,0.18720000,sell
27779.36000000,0.00361000,sell
27779.32000000,0.00188000,sell
27779.30000000,0.10000000,sell
27779.3,0.35985742,sell
27779.2,1.79999,sell
27779.2,0.719716,sell
27779.14000000,0.02187000,sell
27779.10000000,0.00882000,sell
27779.01000000,1.29652000,sell
27778.93000000,0.04089000,sell
27778.90000000,0.35998000,sell
27778.9,1.44209172,sell
27778.89000000,0.00240000,sell
27778.88000000,0.74375000,sell
27778.82000000,0.18007000,sell
27778.80000000,3.53834000,sell
27778.8,0.44971227,sell
27778.79000000,2.12309000,sell
27778.77000000,0.00809000,sell
27778.77,0.003143,sell
27778.7,0.075,sell
27778.51,0.008963,sell
27778.5,1.338,sell
27778.41000000,0.00478000,sell
27778.4,0.80280009,sell
27778.39,0.08728,sell
27778.3,0.02499853,sell
27778.29000000,0.00240000,sell
27778.28000000,0.00300000,sell
27778.23000000,0.01659000,sell
27778.22000000,0.04284000,sell
27778,0.14320214,sell
27777.94000000,0.00188000,sell
27777.78000000,0.20000000,sell
27777.76000000,0.18198000,sell
27777.75,0.123,sell
27777.68000000,0.00500000,sell
27777.59000000,0.02960000,sell
27777.57000000,0.00044000,sell
27777.51,1.734,sell
27777.5,0.01290497,sell
27777.5,1.040405,sell
27777.40000000,0.21619000,sell
27777.39000000,0.01290000,sell
27777.3,0.00052844,sell
27777.2,0.436,sell
27777,1.65663517,sell
27776.99000000,0.00037000,sell
27776.9,0.00686586,sell
27776.82000000,0.71997000,sell
27776.8,0.16283452,sell
27776.76,0.073423,sell
27776.7,0.036357,sell
27776.66,0.036014,sell
27776.6,0.1,sell
27776.56000000,0.04878000,sell
27776.50000000,0.51010000,sell
27776.49,0.070694,sell
27776.48000000,5.42600000,sell
27776.40000000,0.97100000,sell
27776.4,1.10411353,sell
27776.39000000,3.25561000,sell
27776.39,0.00075,sell
27776.27000000,0.00240000,sell
27776.26000000,0.01200000,sell
27776.2,0.029,sell
27775.99000000,0.71997000,sell
27775.74000000,0.03828000,sell
27775.73000000,2.00000000,sell
27775.69000000,0.46804000,sell
27775.66000000,0.00458000,sell
27775.50000000,0.00361000,sell
27775.41000000,0.00361000,sell
27775.18000000,0.00188000,sell
27775.17000000,1.20008000,sell
27775.10000000,0.00044000,sell
27775.1,0.35991219,sell
27775,0.9,sell
27774.94000000,0.07078000,sell
27774.93000000,0.00719000,sell
27774.91,0.719945,sell
27774.9,0.54000005,sell
27774.9,0.182055,sell
27774.88,0.084427,sell
27774.87000000,0.50486000,sell
27774.83000000,0.00361000,sell
27774.78000000,0.28100000,sell
27774.72000000,0.71997000,sell
27774.7,0.01076806,sell
27774.58,0.009203,sell
27774.57000000,0.24322000,sell
27774.5,0.45000207,sell
27774.47000000,0.17660000,sell
27774.41,0.01823,sell
27774.4,2.256213,sell
27774.39,0.075641,sell
27774.38,0.962328,sell
27774.27000000,0.45797000,sell
27774.10000000,0.00100000,sell
27774.05000000,0.43202000,sell
27774,0.36010537,sell
27773.95,0.031844,sell
27773.9,0.27179867,sell
27773.80000000,0.00188000,sell
27773.79000000,0.00100000,sell
27773.42000000,0.27013000,sell
27773.36,0.95825,sell
27773.15000000,0.09004000,sell
27772.94000000,0.16000000,sell
27772.93000000,0.06242000,sell
27772.89,0.001,sell
27772.74000000,0.08000000,sell
27772.73000000,0.89985000,sell
27772.64000000,0.12000000,sell
27772.63000000,0.01058000,sell
27772.6,0.090019,sell
27772.49,0.020036,sell
27772.42000000,0.00188000,sell
27772.40000000,0.31228000,sell
27772.4,0.561563,sell
27772.39000000,0.53996000,sell
27772.39,0.00075,sell
27772.35000000,0.14370000,sell
27772.3,0.33693788,sell
27772.29000000,0.00037000,sell
27772.27,0.719895,sell
27772.26,0.431937,sell
27772.20000000,0.16930000,sell
27772.2,0.17,sell
27772.01,0.05,sell
27771.98,0.95825,sell
27771.96,0.18,sell
27771.89,0.070414,sell
27771.80000000,0.04681000,sell
27771.8,0.06121317,sell
27771.69000000,0.00361000,sell
27771.64000000,0.08000000,sell
27771.61000000,0.15044000,sell
27771.6,0.17999,sell
27771.51,1.296592,sell
27771.5,0.28797339,sell
27771.5,0.777956,sell
27771.35,0.463799,sell
27771.3,0.014368,sell
27771.29,0.25,sell
27771.23000000,0.09004000,sell
27771.04000000,0.00188000,sell
27771.02000000,0.00240000,sell
27771.01000000,0.00538000,sell
27770.98000000,0.02942000,sell
27770.8,0.01176786,sell
27770.78000000,0.00072000,sell
27770.76000000,0.00694000,sell
27770.74000000,0.09004000,sell
27770.73000000,0.05402000,sell
27770.68,0.363572,sell
27770.67,0.25,sell
27770.57000000,0.03150000,sell
27770.56000000,0.00468000,sell
27770.55000000,0.00044000,sell
27770.43000000,0.00072000,sell
27770.39000000,0.00065000,sell
27770.39,0.25,sell
27770.38,0.21815,sell
27770.3,0.342,sell
27770.22000000,0.00044000,sell
27770.16000000,0.00044000,sell
27770.10000000,0.09004000,sell
27770.08000000,0.00072000,sell
27770.05000000,0.00065000,sell
27769.9,0.00001,sell
27769.89000000,0.00044000,sell
27769.87000000,0.28806000,sell
27769.8,0.53134,sell
27769.73000000,0.00072000,sell
27769.71000000,0.00065000,sell
27769.7,1.32765339,sell
27769.69000000,0.10000000,sell
27769.66000000,0.00188000,sell
27769.66,0.09624,sell
27769.62000000,0.05225000,sell
27769.60000000,0.17641000,sell
27769.6,0.00129532,buy
27769.56000000,0.01601000,sell
27769.5,0.00002289,buy
27769.42000000,0.42063000,sell
27769.4,0.00005534,buy
27769.38000000,0.00072000,sell
27769.37000000,0.00065000,sell
27769.28000000,0.00179000,sell
27769.26000000,0.09004000,sell
27769.25000000,0.08999000,sell
27769.23000000,0.00044000,sell
27769.21000000,0.35998000,sell
27769.20000000,0.25246000,sell
27769.2,0.00001809,buy
27769.16000000,0.00040000,sell
27769.1,0.00003202,buy
27769.03000000,0.00137000,sell
27769.02000000,0.01290000,sell
27768.90000000,0.00044000,sell
27768.9,0.00075937,buy
27768.80000000,0.01772000,sell
27768.76,0.557998,sell
27768.75,0.609994,sell
27768.74,0.646365,sell
27768.73,0.365996,sell
27768.72000000,0.00483000,sell
27768.72,0.25,sell
27768.69000000,0.00065000,sell
27768.68000000,0.00072000,sell
27768.57000000,0.00044000,sell
27768.4,0.446376,sell
27768.4,0.00001213,buy
27768.39,0.00075,buy
27768.35000000,0.00065000,sell
27768.33000000,0.00072000,sell
27768.3,0.08364318,buy
27768.28000000,0.00188000,sell
27768.24000000,0.00044000,sell
27768.2,0.00001304,buy
27768.17000000,0.00100000,sell
27768.1,0.00081089,buy
27768.01000000,0.00065000,sell
27767.98000000,0.00072000,sell
27767.96000000,0.00719000,sell
27767.91000000,0.00044000,sell
27767.69000000,0.00044000,sell
27767.67000000,0.00065000,sell
27767.63000000,0.00072000,sell
27767.59000000,0.00037000,sell
27767.58000000,0.00044000,sell
27767.33000000,0.00065000,sell
27767.28000000,0.00072000,sell
27767.25000000,0.00044000,sell
27767.1,0.01133271,buy
27766.99000000,0.00065000,sell
27766.94,0.282116,buy
27766.93000000,0.00072000,sell
27766.92000000,0.00044000,sell
27766.90000000,0.00188000,sell
27766.87000000,0.03600000,sell
27766.76000000,0.01829000,sell
27766.68000000,0.06000000,sell
27766.67000000,0.03607000,sell
27766.65000000,0.00065000,sell
27766.6,0.00582991,buy
27766.59000000,0.00044000,sell
27766.58000000,0.00072000,sell
27766.5,0.00008473,buy
27766.4,0.00018007,buy
27766.39,0.00075,buy
27766.31000000,0.00065000,sell
27766.26000000,0.00044000,sell
27766.23000000,0.00072000,sell
27765.97000000,0.00065000,sell
27765.95000000,0.01115000,sell
27765.93000000,0.00044000,sell
27765.9,0.00024213,buy
27765.88000000,0.00072000,sell
27765.8,0.00001633,buy
27765.77000000,0.20072000,sell
27765.7,0.00012653,buy
27765.63000000,0.00065000,sell
27765.60000000,0.00044000,sell
27765.58,0.25,buy
27765.57,0.001,buy
27765.53000000,0.00072000,sell
27765.52000000,0.02141000,sell
27765.5,0.00001882,buy
27765.48,0.25,buy
27765.47,0.94037,buy
27765.34,0.180018,buy
27765.3,0.00002224,buy
27765.29000000,0.00065000,sell
27765.27000000,0.00044000,sell
27765.2,0.00347718,buy
27765.18000000,0.00072000,sell
27765.1,0.54262732,buy
27765,0.9,buy
27764.95000000,0.00065000,sell
27764.94000000,0.00044000,sell
27764.9,0.00060005,buy
27764.83000000,2.00072000,sell
27764.61000000,0.00109000,sell
27764.39,0.00075,buy
27764.30000000,0.07618000,sell
27764.29000000,1.24685000,sell
27764.28000000,1.69727000,sell
27764.27000000,2.49945000,buy
27764.26000000,0.18999000,buy
27764.23000000,0.16870000,buy
27764.2,0.00004159,buy
27764.14000000,0.00188000,buy
27764.13000000,0.00072000,buy
27764.12,0.574958,buy
27764.11,0.95825,buy
27764.1,0.0091412,buy
27764.02000000,0.01778000,buy
27764.01000000,0.00637000,buy
27763.95000000,0.00044000,buy
27763.93000000,0.00065000,buy
27763.84000000,0.01190000,buy
27763.78000000,0.00072000,buy
27763.7,0.01080458,buy
27763.63000000,0.15277000,buy
27763.62000000,0.00044000,buy
27763.60000000,0.09001000,buy
27763.59000000,0.00065000,buy
27763.58000000,0.02046000,buy
27763.56000000,0.01577000,buy
27763.5,0.00001241,buy
27763.5,0.016,buy
27763.49,0.001,buy
27763.46000000,0.00338000,buy
27763.43000000,0.00072000,buy
27763.4,0.039,buy
27763.25000000,0.00065000,buy
27763.01000000,0.00039000,buy
27762.97,0.719945,buy
27762.92000000,0.00069000,buy
27762.91000000,0.00037000,buy
27762.9,0.08284437,buy
27762.89000000,0.13327000,buy
27762.83000000,0.00070000,buy
27762.76000000,0.00188000,buy
27762.75000000,0.00044000,buy
27762.73,1.011382,buy
27762.7,0.18103606,buy
27762.63000000,0.00137000,buy
27762.4,0.21606324,buy
27762.32000000,0.32193000,buy
27762.31000000,0.00128000,buy
27762.3,0.05401,buy
27762.29,0.072653,buy
27762.27000000,0.01443000,buy
27762.23000000,0.35997000,buy
27762.22000000,0.00800000,buy
27762.15000000,0.00290000,buy
27762.12000000,0.07204000,buy
27762,0.36010537,buy
27761.91,0.360081,buy
27761.9,0.2535,buy
27761.82000000,0.07800000,buy
27761.61000000,0.00160000,buy
27761.6,0.16640602,buy
27761.5,0.0001347,buy
27761.49000000,1.15202000,buy
27761.38000000,0.00188000,buy
27761.35000000,0.96400000,buy
27761.3,0.01076806,buy
27761.28000000,0.91631000,buy
27761.25000000,0.00072000,buy
27761.2,0.00069618,buy
27761.19000000,0.02995000,buy
27761.11000000,0.09197000,buy
27761.10000000,1.92000000,buy
27761.08000000,0.28100000,buy
27761.01000000,0.09747000,buy
27761,0.029153,buy
27760.99,0.075268,buy
27760.98,0.162769,buy
27760.93000000,0.00842000,buy
27760.9,1.07999407,buy
27760.83000000,0.10000000,buy
27760.8,1.79999,buy
27760.55,0.010768,buy
27760.50000000,0.01700000,buy
27760.39,0.00075,buy
27760.36000000,0.43564000,buy
27760.35000000,0.72600000,buy
27760.3,0.56165244,buy
27760.29000000,0.00100000,buy
27760.28000000,0.00044000,buy
27760.27000000,0.02253000,buy
27760.22,0.008466,buy
27760.2,0.07255968,buy
27760.14000000,0.00179000,buy
27760.12000000,0.09004000,buy
27760.1,0.04407732,buy
27760.02,0.217207,buy
27760.01,0.036014,buy
27760.00000000,0.14063000,buy
27760,0.00642113,buy
27760,0.362,buy
27759.9,0.00906109,buy
27759.84000000,0.27874000,buy
27759.77000000,0.00758000,buy
27759.73000000,0.10000000,buy
27759.6,0.12004191,buy
27759.55000000,0.03000000,buy
27759.54,0.090029,buy
27759.4,0.1442129,buy
27759.35000000,0.33606000,buy
27759.34000000,0.09004000,buy
27759.26000000,0.32000000,buy
27759.23000000,0.07203000,buy
27759.1,0.1,buy
27759.08000000,0.00038000,buy
27759.01000000,0.11156000,buy
27759.00000000,0.00795000,buy
27759,0.38077094,buy
27758.90000000,0.02708000,buy
27758.86000000,0.56000000,buy
27758.84000000,0.00930000,buy
27758.62000000,0.00188000,buy
27758.52,0.026549,buy
27758.46000000,0.10000000,buy
27758.43000000,0.00060000,buy
27758.39,0.00075,buy
27758.21000000,0.00037000,buy
27758.2,0.0000198,buy
27758.13000000,0.06337000,buy
27758.12000000,0.05357000,buy
27758.03,0.020435,buy
27757.81000000,0.00044000,buy
27757.8,0.00003168,buy
27757.77000000,0.03607000,buy
27757.7,0.45012388,buy
27757.6,0.1,buy
27757.57000000,0.10553000,buy
27757.52000000,0.03432000,buy
27757.5,0.0058559,buy
27757.32000000,0.00786000,buy
27757.3,0.18206825,buy
27757.24000000,0.00188000,buy
27757.14000000,0.00188000,buy
27757.1,0.00231171,buy
27757.08000000,0.02727000,buy
27757.06000000,0.01076000,buy
27756.88000000,0.00037000,buy
27756.80000000,0.00340000,buy
27756.8,0.1,buy
27756.74000000,0.08000000,buy
27756.70000000,0.58265000,buy
27756.62000000,0.18007000,buy
27756.52000000,0.90038000,buy
27756.5,0.05,buy
27756.48000000,0.09004000,buy
27756.42,0.001655,buy
27756.41000000,0.00220000,buy
27756.40000000,0.07201000,buy
27756.39,0.00075,buy
27756.33000000,0.97100000,buy
27756.31,0.001416,buy
27756.3,0.06923866,buy
27756.12,0.07201,buy
27756.09000000,0.00039000,buy
27756,0.35999647,buy
27755.86000000,0.00188000,buy
27755.72,0.026749,buy
27755.6,0.86292969,buy
27755.56000000,0.18070000,buy
27755.55000000,0.00556000,buy
27755.5,0.07025645,buy
27755.44000000,0.00070000,buy
27755.39000000,0.00065000,buy
27755.32000000,0.09004000,buy
27755.3,1.31619793,buy
27755.26000000,0.00041000,buy
27755.13000000,0.04683000,buy
27755.1,0.06125,buy
27755.08,0.000743,buy
27755.02,0.278285,buy
27755.01,0.090029,buy
27755.00000000,0.01906000,buy
27754.98000000,0.00057000,buy
27754.92000000,0.00045000,buy
27754.81,0.463799,buy
27754.8,0.45000207,buy
27754.7,0.05030811,buy
27754.6,0.1,buy
27754.56000000,0.10000000,buy
27754.54000000,0.00083000,buy
27754.5,0.0002394,buy
27754.49000000,0.16863000,buy
27754.48000000,0.28288000,buy
27754.46,0.072027,buy
27754.41000000,0.00046000,buy
27754.4,0.02166286,buy
27754.39000000,0.18696000,buy
27754.39,0.00075,buy
27754.30000000,0.00129000,buy
27754.3,1.5046235,buy
27754.25,0.036357,buy
27754.24000000,0.00720000,buy
27754.1,1.78103906,buy
27754.08000000,0.00100000,buy
27754,0.06116417,buy
27753.96000000,0.28088000,buy
27753.95000000,0.06120000,buy
27753.9,0.00308984,buy
27753.85000000,0.46804000,buy
27753.73000000,0.02885000,buy
27753.64000000,0.00145000,buy
27753.60000000,0.12225000,buy
27753.6,1.14586828,buy
27753.54000000,0.00186000,buy
27753.51000000,0.00037000,buy
27753.5,0.8431138,buy
27753.43000000,0.15887000,buy
27753.4,0.00005096,buy
27753.30000000,0.03201000,buy
27753.3,0.00001136,buy
27753.25000000,0.10000000,buy
27753.2,0.00075079,buy
27753.10000000,0.00188000,buy
27753,0.36051933,buy
27752.9,0.05734406,buy
27752.79,0.003048,buy
27752.73000000,0.00040000,buy
27752.69000000,0.07516000,buy
27752.4,0.100033,buy
27752.39,0.00075,buy
27752.27000000,0.00037000,buy
27752.26000000,0.00128000,buy
27752.24,0.150003,buy
27752.23,0.25,buy
27752.2,0.00241262,buy
27752.11000000,0.10000000,buy
27752.1,0.18009062,buy
27752,0.00025596,buy
27751.94000000,0.00100000,buy
27751.90000000,0.00037000,buy
27751.8,0.12972182,buy
27751.79000000,0.30608000,buy
27751.78000000,0.07187000,buy
27751.72000000,0.00188000,buy
27751.7,0.21620297,buy
27751.67000000,0.00040000,buy
27751.54000000,0.05735000,buy
27751.5,0.3602284,buy
27751.40000000,0.51010000,buy
27751.27,0.25,buy
27751.25000000,0.00104000,buy
27751.14000000,0.10000000,buy
27751.12000000,0.00144000,buy
27751.1,0.00002573,buy
27751.06000000,0.18007000,buy
27751.01000000,0.30000000,buy
27751.00000000,0.00107000,buy
27751,0.01003604,buy
27750.99000000,0.00064000,buy
27750.86000000,0.02045000,buy
27750.76000000,0.00040000,buy
27750.75000000,0.00223000,buy
27750.71000000,0.00037000,buy
27750.63000000,0.00063000,buy
27750.6,0.95161355,buy
27750.57000000,0.09396000,buy
27750.5,1.54602246,buy
27750.46000000,0.00481000,buy
27750.39,0.00075,buy
27750.34000000,0.00188000,buy
27750.26000000,0.00067000,buy
27750.22000000,0.00043000,buy
27750.2,0.0006191,buy
27750.11000000,0.00055000,buy
27750.1,0.14982424,buy
27750.08000000,0.00064000,buy
27750.01000000,0.78038000,buy
27750.01,0.069669,buy
27750.00000000,0.90000000,buy
27750,0.36268726,buy
27750,0.116113,buy
27749.9,0.00081665,buy
27749.86000000,2.16651000,buy
27749.85000000,0.09000000,buy
27749.83000000,0.00424000,buy
27749.82000000,0.00043000,buy
27749.73000000,0.06923000,buy
27749.72000000,0.00038000,buy
27749.7,0.02241264,buy
27749.60000000,3.60242000,buy
27749.6,0.21140265,buy
27749.59000000,0.00171000,buy
27749.5,0.00374161,buy
27749.48000000,0.28100000,buy
27749.43000000,0.03598000,buy
27749.4,1.0833358,buy
27749.37000000,0.00039000,buy
27749.3,1.8055596,buy
27749.1,0.00564471,buy
27749.01000000,0.35969000,buy
27749.00000000,0.03676000,buy
27749,0.00018018,buy
27748.9,0.00008148,buy
27748.89000000,1.33406000,buy
27748.87000000,0.00045000,buy
27748.81000000,0.00037000,buy
27748.76000000,0.00054000,buy
27748.75000000,0.00048000,buy
27748.73000000,0.00090000,buy
27748.63000000,0.00064000,buy
27748.6,0.19997408,buy
27748.5,0.000067,buy
27748.4,0.00002421,buy
27748.36000000,0.10000000,buy
27748.3,0.045,buy
27748.26000000,0.00047000,buy
27748.00000000,0.06666000,buy
27748,0.4324748,buy
27747.90000000,0.00081000,buy
27747.9,0.72079134,buy
27747.84000000,0.00128000,buy
27747.82000000,0.00299000,buy
27747.8,0.00240288,buy
27747.77000000,0.00055000,buy
27747.69000000,0.03760000,buy
27747.48000000,0.00057000,buy
27747.42000000,0.04512000,buy
27747.41000000,0.07505000,buy
27747.21000000,0.00038000,buy
27747.1,0.50420257,buy
27747.07000000,0.00143000,buy
27747.03000000,0.00058000,buy
27747,0.36010537,buy
27746.96000000,0.00039000,buy
27746.89000000,0.03758000,buy
27746.84000000,0.00038000,buy
27746.81000000,0.00100000,buy
27746.80000000,0.02522000,buy
27746.8,0.09732556,buy
27746.7,0.00001376,buy
27746.66000000,0.00174000,buy
27746.65000000,0.00129000,buy
27746.6,0.18009958,buy
27746.55000000,0.00041000,buy
27746.5,0.30004552,buy
27746.47000000,0.09134000,buy
27746.4,0.27004083,buy
27746.25000000,0.00783000,buy
27746.2,0.26390637,buy
27746.1,0.00001867,buy
27746.08000000,0.28086000,buy
27746.07000000,0.27692000,buy
27746.03000000,0.01004000,buy
27745.85000000,0.46804000,buy
27745.8,0.00003989,buy
27745.76000000,0.00115000,buy
27745.7,0.11001663,buy
27745.61000000,0.00061000,buy
27745.44000000,0.00100000,buy
27745.3,0.35885784,buy
27745.22000000,0.00038000,buy
27745.2,0.00078876,buy
27745.12000000,0.00048000,buy
27745.10000000,0.00041000,buy
27745.06000000,0.01000000,buy
27745.00000000,0.00440000,buy
27745,0.00010006,buy
27744.93000000,0.20000000,buy
27744.9,0.20042669,buy
27744.89000000,0.00234000,buy
27744.8,0.00014248,buy
27744.68000000,0.00139000,buy
27744.67000000,0.00226000,buy
27744.60000000,0.00037000,buy
27744.59000000,0.03754000,buy
27744.57000000,0.00083000,buy
27744.5,0.21616103,buy
27744.49000000,0.17000000,buy
27744.46000000,0.18189000,buy
27744.3,0.00244521,buy
27744.29000000,0.00573000,buy
27744.28000000,0.00186000,buy
27744.2,0.20003024,buy
27744.13000000,0.04150000,buy
27744.1,0.00003864,buy
27744.03000000,0.00129000,buy
27744.01000000,0.13161000,buy
27744.00000000,0.03604000,buy
27744,0.36013396,buy
27743.98000000,0.00969000,buy
27743.80000000,0.00147000,buy
27743.8,1.18762775,buy
27743.78000000,0.03834000,buy
27743.70000000,0.00045000,buy
27743.7,0.19997623,buy
27743.68000000,0.00050000,buy
27743.54000000,0.21930000,buy
27743.3,1.97937958,buy
27743.21000000,0.00080000,buy
27743.2,0.11,buy
27743.19000000,0.00070000,buy
27743.17000000,0.00042000,buy
27743.00000000,0.00121000,buy
27742.94000000,0.03498000,buy
27742.85000000,0.00120000,buy
27742.8,0.00035882,buy
27742.75000000,0.00118000,buy
27742.72000000,0.00086000,buy
27742.71000000,0.00073000,buy
27742.50000000,0.00272000,buy
27742.5,0.25005696,buy
27742.46000000,0.00047000,buy
27742.42000000,0.00049000,buy
27742.41000000,0.00206000,buy
27742.4,0.7239792,buy
27742.3,0.00005779,buy
27742.24000000,0.00100000,buy
27742.15000000,0.00050000,buy
27742.1,0.00002931,buy
27742.08000000,0.00168000,buy
27741.93000000,0.00117000,buy
27741.91000000,0.00100000,buy
27741.9,0.0006937,buy
27741.8,0.200018,buy
27741.74000000,0.03871000,buy
27741.65000000,0.03871000,buy
27741.6,0.00005526,buy
27741.4,0.00004082,buy
27741.38000000,0.00042000,buy
27741.37000000,0.00041000,buy
27741.3,0.00077204,buy
27741.22000000,0.00039000,buy
27741.2,0.00001232,buy
27741.17000000,0.00047000,buy
27741.10000000,0.28159000,buy
27741.1,0.00040704,buy
27741.09000000,0.46917000,buy
27741.08000000,0.00276000,buy
27740.9,0.00086858,buy
27740.75000000,0.00045000,buy
27740.74000000,0.00040000,buy
27740.70000000,0.00049000,buy
27740.7,2.68857055,buy
27740.6,0.15062686,buy
27740.59000000,0.00098000,buy
27740.56000000,0.21619000,buy
27740.4,0.0000259,buy
27740.3,5,buy
27740.2,0.00018024,buy
27740.1,0.00050917,buy
27740.00000000,0.03642000,buy
27740,0.00003017,buy
27739.9,0.00003333,buy
27739.8,0.00855264,buy
27739.76000000,0.00039000,buy
27739.71000000,0.00196000,buy
27739.58000000,0.00039000,buy
27739.40000000,0.00108000,buy
27739.33000000,0.00077000,buy
27739.2,0.00378032,buy
27739.19000000,0.00196000,buy
27739.18000000,0.00083000,buy
27739.17000000,0.00048000,buy
27739.06000000,0.00038000,buy
27738.92000000,0.05518000,buy
27738.91000000,0.09197000,buy
27738.9,0.96137806,buy
27738.83000000,0.00122000,buy
27738.8,0.81720639,buy
27738.72000000,0.04624000,buy
27738.7,0.201659,buy
27738.65000000,0.00039000,buy
27738.6,6,buy
27738.55000000,0.00070000,buy
27738.46000000,0.00038000,buy
27738.37000000,0.00039000,buy
27738.33000000,0.01250000,buy
27738.3,4.169,buy
27738.2,0.10171397,buy
27738.1,0.30296865,buy
27738,0.30290105,buy
27737.94000000,0.00070000,buy
27737.9,0.10815514,buy
27737.87000000,0.03187000,buy
27737.8,0.07514972,buy
27737.79000000,0.00052000,buy
27737.76000000,0.16618000,buy
27737.75000000,0.27696000,buy
27737.71000000,0.00070000,buy
27737.7,0.01289594,buy
27737.6,0.20800005,buy
27737.58000000,0.00467000,buy
27737.57000000,0.00039000,buy
27737.5,0.00719,buy
27737.4,0.00081472,buy
27737.2,0.01797761,buy
27737.14000000,0.00043000,buy
27737.1,0.00059909,buy
27737,0.00019564,buy
27736.9,0.00001708,buy
27736.8,0.04311009,buy
27736.76000000,0.00087000,buy
27736.7,0.00107934,buy
27736.64000000,0.00039000,buy
27736.56000000,0.03760000,buy
27736.5,0.00013583,buy
27736.32000000,0.10816000,buy
27736.26000000,0.00047000,buy
27736.23000000,0.00042000,buy
27736.2,0.00001748,buy
27736.1,0.00006027,buy
27736.06000000,0.01025000,buy
27736.05000000,0.00037000,buy
27736,0.00442997,buy
27735.97000000,0.00065000,buy
27735.87000000,0.00068000,buy
27735.86000000,0.34654000,buy
27735.83000000,0.00485000,buy
27735.8,0.00148182,buy
27735.60000000,0.07515000,buy
27735.6,0.00044387,buy
27735.48000000,0.00089000,buy
27735.4,0.00006345,buy
27735.25000000,0.00187000,buy
27735.2,0.00002175,buy
27735.01000000,0.17252000,buy
27735.00000000,0.28752000,buy
27735,4.18388793,buy
27734.94000000,0.04358000,buy
27734.9,0.00001029,buy
27734.70000000,0.00042000,buy
27734.7,0.00022992,buy
27734.69000000,0.02153000,buy
27734.6,0.00047374,buy
27734.5,0.0778484,buy
27734.45000000,0.00054000,buy
27734.4,0.00002351,buy
27734.3,0.00001352,buy
27734.2,0.32770202,buy
27734.1,0.00026864,buy
27733.99000000,0.00041000,buy
27733.96000000,0.01078000,buy
27733.9,0.00039673,buy
27733.80000000,0.00047000,buy
27733.8,0.03473249,buy
27733.69000000,0.15007000,buy
27733.68000000,0.25000000,buy
27733.63000000,0.25000000,buy
27733.6,0.00024041,buy
27733.53000000,0.00175000,buy
27733.5,0.03768522,buy
27733.48000000,0.00101000,buy
27733.47000000,0.00086000,buy
27733.37000000,0.00100000,buy
27733.36000000,0.00197000,buy
27733.33000000,0.00625000,buy
27733.32000000,0.00084000,buy
27733.3,0.00089821,buy
27733.2,0.00404327,buy
27733.00000000,0.25992000,buy
27733,0.01313551,buy
27732.99000000,0.43318000,buy
27732.95000000,0.00282000,buy
27732.80000000,0.00041000,buy
27732.8,0.00098686,buy
27732.75000000,0.03603000,buy
27732.63000000,0.00042000,buy
27732.55000000,0.00040000,buy
27732.44000000,0.00040000,buy
27732.35000000,0.00146000,buy
27732,0.00002923,buy
27731.8,0.00001115,buy
27731.71000000,0.00047000,buy
27731.70000000,2.16288000,buy
27731.7,0.00070262,buy
27731.69000000,0.06905000,buy
27731.6,0.0010017,buy
27731.58000000,0.00073000,buy
27731.5,0.00002525,buy
27731.34000000,0.00040000,buy
27731.32000000,0.00123000,buy
27731.31000000,0.00091000,buy
27731.3,0.00211309,buy
27731.27000000,3.60480000,buy
27731.23000000,0.00060000,buy
27731.00000000,0.00360000,buy
27730.95000000,0.00184000,buy
27730.9,1.07215078,buy
27730.88000000,0.00050000,buy
27730.86000000,0.00041000,buy
27730.84000000,0.00084000,buy
27730.82000000,0.01945000,buy
27730.8,0.00001224,buy
27730.7,0.00001737,buy
27730.62000000,0.00801000,buy
27730.6,0.00067754,buy
27730.34000000,0.00361000,buy
27730.28000000,0.00307000,buy
27730.22000000,0.03760000,buy
27730.2,0.00098746,buy
27730.1,0.00004896,buy
27730.08000000,0.18638000,buy
27730.07000000,0.03188000,buy
27730.00000000,0.25716000,buy
27730,0.00029831,buy
27729.9,0.00051216,buy
27729.86000000,0.00145000,buy
27729.81000000,0.00042000,buy
27729.76000000,0.00038000,buy
27729.71000000,0.00054000,buy
27729.7,0.00006903,buy
27729.56000000,0.02329000,buy
27729.5,0.00010052,buy
27729.44000000,2.40001000,buy
27729.43000000,0.18696000,buy
27729.3,0.00001486,buy
27729.21000000,4.00000000,buy
27729.20000000,0.00070000,buy
27729.14000000,0.00038000,buy
27729.13000000,0.00044000,buy
27729.1,0.00075206,buy
27729.03000000,0.00055000,buy
27728.9,0.01800211,buy
27728.85000000,0.00043000,buy
27728.74000000,0.00171000,buy
27728.57000000,0.00172000,buy
27728.5,0.00045511,buy
27728.41000000,0.00100000,buy
27728.40000000,0.00041000,buy
27728,0.00003972,buy
27727.9,0.09477676,buy
27727.88000000,0.00039000,buy
27727.86000000,0.00105000,buy
27727.82000000,0.00198000,buy
27727.8,0.00004548,buy
27727.77000000,0.00038000,buy
27727.66000000,0.00200000,buy
27727.50000000,0.00135000,buy
27727.5,0.00001099,buy
27727.4,0.00010856,buy
27727.39000000,0.02982000,buy
27727.3,0.00001769,buy
27727.27000000,0.00673000,buy
27727.23000000,0.00413000,buy
27727.2,0.00007501,buy
27727.19000000,0.00045000,buy
27727.17000000,0.00109000,buy
27727.03000000,0.00055000,buy
27727.01000000,0.01015000,buy
27726.94000000,0.03189000,buy
27726.89000000,0.00038000,buy
27726.71000000,0.00185000,buy
27726.7,0.00002508,buy
27726.66000000,0.00063000,buy
27726.60000000,0.00042000,buy
27726.6,0.09795024,buy
27726.50000000,0.00073000,buy
27726.5,1.07134998,buy
27726.45000000,0.00065000,buy
27726.32000000,0.00054000,buy
27726.31000000,0.00074000,buy
27726.23000000,0.00212000,buy
27726.2,1.45417473,buy
27726.05000000,0.00038000,buy
27726,0.01004549,buy
27725.90000000,0.00423000,buy
27725.88000000,0.00038000,buy
27725.75000000,0.00079000,buy
27725.7,0.00181638,buy
27725.6,0.00002479,buy
27725.50000000,0.00040000,buy
27725.41000000,0.00037000,buy
27725.2,0.00003042,buy
27725.12000000,0.00038000,buy
27725.1,0.0000113,buy
27725.04000000,0.00109000,buy
27725.00000000,0.05294000,buy
27725,0.00149824,buy
27724.97000000,0.00039000,buy
27724.91000000,0.00039000,buy
27724.9,0.00003775,buy
27724.8,0.00109239,buy
27724.77000000,0.00065000,buy
27724.70000000,0.00100000,buy
27724.69000000,0.00135000,buy
27724.66000000,0.09203000,buy
27724.65000000,0.15336000,buy
27724.60000000,0.00103000,buy
27724.6,0.00012649,buy
27724.53000000,0.03230000,buy
27724.5,0.01798276,buy
27724.41000000,0.03606000,buy
27724.34000000,0.00145000,buy
27724.3,1.81061064,buy
27724.26000000,0.00094000,buy
27724.2,0.03231845,buy
27724.13000000,0.00046000,buy
27724.12000000,0.00100000,buy
27724.10000000,0.00510000,buy
27723.9,0.00010357,buy
27723.75000000,0.00223000,buy
27723.54000000,0.09315000,buy
27723.53000000,0.15520000,buy
27723.47000000,0.00041000,buy
27723.46000000,0.00088000,buy
27723.41000000,0.00038000,buy
27723.4,0.00125112,buy
27723.35000000,0.00104000,buy
27723.3,0.0008397,buy
27723.22000000,0.00159000,buy
27723.09000000,0.00070000,buy
27722.98000000,0.00047000,buy
27722.96000000,0.00038000,buy
27722.9,0.00002768,buy
27722.87000000,0.00089000,buy
27722.7,0.0000718,buy
27722.67000000,0.00044000,buy
27722.60000000,0.00053000,buy
27722.48000000,0.00044000,buy
27722.42000000,0.00039000,buy
27722.3,0.00022608,buy
27722.27000000,0.00441000,buy
27722.22000000,0.00269000,buy
27722.12000000,0.00039000,buy
27722.00000000,0.00039000,buy
27721.95000000,0.00157000,buy
27721.89000000,0.00239000,buy
27721.85000000,0.00037000,buy
27721.83000000,0.00038000,buy
27721.81000000,0.05953000,buy
27721.80000000,0.00670000,buy
27721.8,0.0180002,buy
27721.70000000,0.62063000,buy
27721.69000000,1.03428000,buy
27721.27000000,0.07522000,buy
27721.2,0.00004428,buy
27721.11000000,0.18696000,buy
27721,0.00001337,buy
27720.99000000,0.00046000,buy
27720.98000000,0.00054000,buy
27720.97000000,0.69144000,buy
27720.9,4.19883984,buy
27720.85000000,0.00209000,buy
27720.78000000,0.00040000,buy
27720.69000000,0.00044000,buy
27720.67000000,0.08729000,buy
27720.57000000,0.00039000,buy
27720.56000000,0.00058000,buy
27720.51000000,0.00037000,buy
27720.5,0.00002569,buy
27720.44000000,0.00039000,buy
27720.35000000,0.00043000,buy
27720.33000000,0.00094000,buy
27720.31000000,0.00039000,buy
27720.3,0.00006395,buy
27720.26000000,0.00037000,buy
27720.01000000,0.90000000,buy
27720.00000000,0.04316000,buy
27720,0.00449251,buy
27719.9,0.14820761,buy
27719.87000000,0.00045000,buy
27719.8,0.00350267,buy
27719.62000000,1.50000000,buy
27719.6,0.00128621,buy
27719.52000000,0.00039000,buy
27719.50000000,0.00188000,buy
27719.5,0.00012321,buy
27719.48000000,0.00562000,buy
27719.40000000,0.00427000,buy
27719.4,0.00022601,buy
27719.32000000,0.01803000,buy
27719.31000000,0.00568000,buy
27719.30000000,0.01884000,buy
27719.3,0.00234531,buy
27719.25000000,0.00076000,buy
27719.23000000,0.00300000,buy
27719.17000000,0.00125000,buy
27719.15000000,0.00167000,buy
27719.10000000,0.00258000,buy
27719.08000000,0.00368000,buy
27718.90000000,0.00087000,buy
27718.75000000,0.00079000,buy
27718.74000000,0.00042000,buy
27718.6,0.00004388,buy
27718.51000000,0.00072000,buy
27718.43000000,0.00052000,buy
27718.35000000,0.00043000,buy
27718.33000000,0.50000000,buy
27718.3,0.00002693,buy
27718.26000000,0.00116000,buy
27718.2,0.00010365,buy
27718.14000000,0.00181000,buy
27718.1,0.09,buy
27718.00000000,0.00071000,buy
27717.9,0.00002775,buy
27717.8,0.00015915,buy
27717.7,0.00014782,buy
27717.57000000,0.00047000,buy
27717.56000000,0.00066000,buy
27717.5,0.00009008,buy
27717.4,0.00011467,buy
27717.39000000,0.00040000,buy
27717.35000000,0.00050000,buy
27717.24000000,0.00088000,buy
27717.23000000,0.04237000,buy
27717.21000000,0.03940000,buy
27717.20000000,0.00037000,buy
27717.2,0.00001526,buy
27717.08000000,0.00043000,buy
27716.98000000,0.00207000,buy
27716.86000000,0.00040000,buy
27716.70000000,0.00373000,buy
27716.7,0.015354,buy
27716.67000000,0.00420000,buy
27716.6,0.00957556,buy
27716.58000000,0.00091000,buy
27716.5,0.00238136,buy
27716.45000000,0.27075000,buy
27716.44000000,0.45115000,buy
27716.43000000,0.00054000,buy
27716.42000000,0.00042000,buy
27716.41000000,0.00040000,buy
27716.4,0.00080556,buy
27716.35000000,0.00039000,buy
27716.34000000,0.07215000,buy
27716.33000000,0.00369000,buy
27716.2,0.00058991,buy
27716.1,0.00003601,buy
27716.07000000,0.03605000,buy
27716.00000000,0.00824000,buy
27716,0.00001642,buy
27715.8,0.00014133,buy
27715.77000000,0.00060000,buy
27715.65000000,0.00977000,buy
27715.5,0.00055133,buy
27715.4,0.00095253,buy
27715.33000000,0.00574000,buy
27715.32000000,0.00054000,buy
27715.17000000,0.00112000,buy
27715.11000000,0.01051000,buy
27715.1,0.00006612,buy
27715.00000000,0.00131000,buy
27715,0.00006717,buy
27714.92000000,0.00128000,buy
27714.9,0.00010808,buy
27714.8,0.000025,buy
27714.66000000,0.00045000,buy
27714.6,0.00001796,buy
27714.57000000,0.00040000,buy
27714.53000000,0.00051000,buy
27714.51000000,0.00090000,buy
27714.50000000,0.03016000,buy
27714.49000000,0.00056000,buy
27714.4,0.914,buy
27714.36000000,0.00077000,buy
27714.34000000,0.00114000,buy
27714.28000000,0.00573000,buy
27714.2,0.00251225,buy
27714.18000000,0.00042000,buy
27714.13000000,0.00039000,buy
27714.10000000,0.00039000,buy
27714.01000000,0.00040000,buy
27714,0.00005537,buy
27713.80000000,0.00043000,buy
27713.8,0.02259779,buy
27713.79000000,0.08732000,buy
27713.7,0.00380184,buy
27713.69000000,0.00037000,buy
27713.60000000,0.00063000,buy
27713.6,0.00294671,buy
27713.58000000,0.00045000,buy
27713.5,0.00002841,buy
27713.33000000,0.00100000,buy
27713.3,0.00058745,buy
27713.22000000,0.00064000,buy
27713.15000000,0.00038000,buy
27713.08000000,0.11223000,buy
27713.07000000,0.07903000,buy
27713.06000000,0.00043000,buy
27712.99000000,0.01266000,buy
27712.93000000,0.00152000,buy
27712.82000000,0.00039000,buy
27712.80000000,0.18692000,buy
27712.72000000,0.00042000,buy
27712.50000000,0.00072000,buy
27712.5,0.00062191,buy
27712.43000000,0.00224000,buy
27712.4,0.00001077,buy
27712.3,0.00040102,buy
27712.1,0.01682989,buy
27712.05000000,0.00040000,buy
27712,0.00008899,buy
27711.93000000,0.00158000,buy
27711.86000000,0.00064000,buy
27711.84000000,0.00062000,buy
27711.8,0.00002374,buy
27711.78000000,0.00037000,buy
27711.73000000,0.00551000,buy
27711.6,0.00002199,buy
27711.51000000,0.56887000,buy
27711.50000000,0.94800000,buy
27711.40000000,0.00046000,buy
27711.3,0.00002379,buy
27711.19000000,0.00123000,buy
27711.1,0.00002858,buy
27711,0.00012214,buy
27710.9,0.00004399,buy
27710.85000000,2.12308000,buy
27710.84000000,0.23225000,buy
27710.82000000,0.00266000,buy
27710.8,0.00087719,buy
27710.79000000,0.00239000,buy
27710.74000000,0.00057000,buy
27710.53000000,0.00048000,buy
27710.52000000,0.00038000,buy
27710.50000000,3.53834000,buy
27710.5,0.00001032,buy
27710.40000000,1.02617000,buy
27710.4,0.00002694,buy
27710.37000000,0.00719000,buy
27710.34000000,0.00056000,buy
27710.3,0.00047613,buy
27710.28000000,0.02015000,buy
27710.27000000,0.00128000,buy
27710.19000000,0.00279000,buy
27710.14000000,0.00083000,buy
27710.09000000,0.00040000,buy
27710.03000000,0.00227000,buy
27710.00000000,0.00636000,buy
27710,1.0002748,buy
27709.97000000,0.00095000,buy
27709.91000000,1.03762000,buy
27709.9,0.00025816,buy
27709.77000000,0.00037000,buy
27709.67000000,0.00068000,buy
27709.59000000,0.03182000,buy
27709.56000000,4.08002000,buy
27709.55000000,6.80000000,buy
27709.53000000,0.00045000,buy
27709.52000000,0.00131000,buy
27709.51000000,0.00062000,buy
27709.5,0.00060029,buy
27709.28000000,0.00039000,buy
27709.20000000,0.00105000,buy
27709.2,0.13574047,buy
27709.17000000,0.00037000,buy
27709.15000000,0.00038000,buy
27709.14000000,0.00167000,buy
27709.09000000,0.00055000,buy
27709.05000000,0.00155000,buy
27709.00000000,1.01721000,buy
27708.9,0.00105136,buy
27708.86000000,0.00064000,buy
27708.82000000,0.00186000,buy
27708.8,0.00167601,buy
27708.7,0.0000174,buy
27708.6,0.00007517,buy
27708.51000000,0.00038000,buy
27708.47000000,0.00265000,buy
27708.42000000,0.00042000,buy
27708.3,0.00065862,buy
27708.24000000,0.00090000,buy
27708.09000000,0.00075000,buy
27708.07000000,0.00039000,buy
27707.95000000,0.00048000,buy
27707.9,0.00007589,buy
27707.8,0.0005654,buy
27707.7,0.00001563,buy
27707.61000000,0.00154000,buy
27707.6,0.00002646,buy
27707.44000000,0.00168000,buy
27707.38000000,0.00052000,buy
27707.2,0.00036092,buy
27707.17000000,0.00039000,buy
27707.14000000,0.00038000,buy
27707.13000000,0.00118000,buy
27707.1,1.4502298,buy
27707.01000000,0.00078000,buy
27707,0.00003101,buy
27706.7,0.00002593,buy
27706.67000000,0.00098000,buy
27706.66000000,0.02160000,buy
27706.60000000,0.00163000,buy
27706.6,0.00036095,buy
27706.5,0.00224953,buy
27706.45000000,0.00121000,buy
27706.39000000,0.00040000,buy
27706.30000000,0.00328000,buy
27706.3,0.00001009,buy
27706.27000000,0.00039000,buy
27706.25000000,0.00081000,buy
27706.18000000,0.00039000,buy
27706.1,0.00038832,buy
27706.09000000,0.00042000,buy
27706.01000000,0.03607000,buy
27706.00000000,0.06000000,buy
27706,2.99607217,buy
27705.9,0.14412228,buy
27705.88000000,0.00345000,buy
27705.8,0.00002125,buy
27705.7,0.00007657,buy
27705.66000000,0.00055000,buy
27705.44000000,0.00075000,buy
27705.4,0.00036911,buy
27705.26000000,0.00044000,buy
27705.25000000,0.00239000,buy
27705.2,0.00004317,buy
27705.1,0.00005896,buy
27704.99000000,0.00041000,buy
27704.94000000,0.00042000,buy
27704.9,0.00006739,buy
27704.86000000,0.00039000,buy
27704.8,0.00164155,buy
27704.75000000,0.00044000,buy
27704.73000000,0.00091000,buy
27704.6,0.00008027,buy
27704.57000000,0.00041000,buy
27704.50000000,0.11220000,buy
27704.49000000,0.18692000,buy
27704.4,0.00558971,buy
27704.34000000,0.00133000,buy
27704.32000000,0.00137000,buy
27704.3,0.00011177,buy
27704.2,0.00018047,buy
27704.16000000,0.00038000,buy
27704.13000000,0.00080000,buy
27704.1,0.00038487,buy
27704,0.00044471,buy
27703.9,0.00042973,buy
27703.88000000,0.00037000,buy
27703.80000000,0.00630000,buy
27703.73000000,0.00043000,buy
27703.6,0.00007046,buy
27703.53000000,0.00039000,buy
27703.5,0.00012095,buy
27703.44000000,0.00046000,buy
27703.4,0.00013125,buy
27703.36000000,0.00607000,buy
27703.3,0.0000101,buy
27703.20000000,0.00040000,buy
27703.2,0.00003124,buy
27703,0.00002829,buy
27702.99000000,0.00039000,buy
27702.9,0.00118903,buy
27702.8,0.00005774,buy
27702.77000000,0.00037000,buy
27702.7,0.00017523,buy
27702.67000000,0.00044000,buy
27702.6,0.00094863,buy
27702.52000000,0.03191000,buy
27702.50000000,0.00038000,buy
27702.4,0.00032258,buy
27702.37000000,0.00040000,buy
27702.32000000,0.00110000,buy
27702.26000000,0.00040000,buy
27702.00000000,0.00147000,buy
27702,0.00007564,buy
27701.96000000,0.00496000,buy
27701.95000000,0.00040000,buy
27701.9,0.00055819,buy
27701.81000000,0.00072000,buy
27701.8,0.00020542,buy
27701.75000000,0.00038000,buy
27701.7,0.00003399,buy
27701.69000000,0.00045000,buy
27701.68000000,0.00118000,buy
27701.67000000,0.00062000,buy
27701.60000000,0.00130000,buy
27701.3,0.01800325,buy
27701.21000000,0.00068000,buy
27701.15000000,0.00052000,buy
27701.11000000,0.00258000,buy
27701.00000000,0.00351000,buy
27701,0.01003025,buy
27700.99000000,0.00428000,buy
27700.92000000,0.00037000,buy
27700.9,0.01501505,buy
27700.86000000,0.01470000,buy
27700.8,0.00011323,buy
27700.70000000,0.00128000,buy
27700.6,0.0000112,buy
27700.57000000,0.00201000,buy
27700.5,0.00003781,buy
27700.4,0.00018214,buy
27700.37000000,0.00042000,buy
27700.3,0.0000555,buy
27700.29000000,0.04199000,buy
27700.26000000,0.00044000,buy
27700.15000000,0.00054000,buy
27700.05000000,0.00040000,buy
27700.00000000,4.96338000,buy
27700,0.0466471,buy
27699.9,0.00165046,buy
27699.89000000,0.00156000,buy
27699.81000000,0.00294000,buy
27699.8,0.00006849,buy
27699.71000000,0.00239000,buy
27699.70000000,0.00085000,buy
27699.7,0.00231114,buy
27699.63000000,0.00119000,buy
27699.57000000,0.00604000,buy
27699.49000000,0.00045000,buy
27699.3,1.81067853,buy
27699.27000000,0.00037000,buy
27699.20000000,0.03024000,buy
27699.17000000,0.00037000,buy
27699.04000000,0.00043000,buy
27699,0.00704949,buy
27698.92000000,0.00126000,buy
27698.9,0.00074182,buy
27698.88000000,0.00173000,buy
27698.8,0.00782799,buy
27698.73000000,0.00659000,buy
27698.57000000,0.00227000,buy
27698.52000000,0.00045000,buy
27698.44000000,0.00148000,buy
27698.4,0.00011616,buy
27698.37000000,0.00060000,buy
27698.3,0.00073223,buy
27698.29000000,0.00041000,buy
27698.1,2.160784,buy
27698.08000000,0.00054000,buy
27698.02000000,0.00045000,buy
27697.99000000,0.00157000,buy
27697.71000000,0.00043000,buy
27697.7,0.00001152,buy
27697.68000000,0.00038000,buy
27697.67000000,0.00078000,buy
27697.4,0.00054348,buy
27697.36000000,0.00041000,buy
27697.34000000,0.00089000,buy
27697.32000000,0.00597000,buy
27697.3,0.00021284,buy
27697.22000000,0.05370000,buy
27697.1,0.00119784,buy
27697.07000000,0.00055000,buy
27697,0.0000102,buy
27696.98000000,0.00049000,buy
27696.96000000,0.00338000,buy
27696.9,0.00596436,buy
27696.89000000,0.00045000,buy
27696.81000000,0.00038000,buy
27696.7,0.0000368,buy
27696.66000000,0.00088000,buy
27696.65000000,0.00079000,buy
27696.42000000,0.00039000,buy
27696.38000000,0.00040000,buy
27696.33000000,0.00074000,buy
27696.29000000,0.00041000,buy
27696.2,0.0013141,buy
27696.18000000,0.18692000,buy
27696.15000000,0.02628000,buy
27696.11000000,0.00044000,buy
27696.1,0.00010677,buy
27696,0.0000125,buy
27695.96000000,0.00087000,buy
27695.94000000,0.00111000,buy
27695.9,0.00007238,buy
27695.79000000,0.00048000,buy
27695.76000000,18.33722000,buy
27695.7,0.00001575,buy
27695.68000000,0.00186000,buy
27695.6,0.00053416,buy
27695.25000000,0.00048000,buy
27695,0.00079169,buy
27694.90000000,0.00162000,buy
27694.82000000,0.00128000,buy
27694.76000000,0.00039000,buy
27694.75000000,0.00037000,buy
27694.74000000,0.00100000,buy
27694.7,0.00107442,buy
27694.64000000,0.00042000,buy
27694.6,0.00005936,buy
27694.58000000,0.00440000,buy
27694.48000000,0.00037000,buy
27694.40000000,0.00196000,buy
27694.38000000,0.00047000,buy
27694.36000000,0.00040000,buy
27694.28000000,0.00039000,buy
27694.23000000,0.00038000,buy
27694.22000000,0.00360000,buy
27694.16000000,0.00307000,buy
27694.11000000,0.00059000,buy
27694.05000000,0.00042000,buy
27693.87000000,0.00188000,buy
27693.86000000,0.00046000,buy
27693.75000000,0.00089000,buy
27693.68000000,0.00314000,buy
27693.54000000,0.00039000,buy
27693.53000000,0.00092000,buy
27693.52000000,0.00155000,buy
27693.43000000,0.00179000,buy
27693.33000000,0.00383000,buy
27693.28000000,0.00073000,buy
27693.12000000,0.00104000,buy
27693.01000000,0.00072000,buy
27692.94000000,0.00037000,buy
27692.89000000,0.00079000,buy
27692.64000000,0.00270000,buy
27692.63000000,0.00058000,buy
27692.41000000,0.00058000,buy
27692.30000000,0.00246000,buy
27692.26000000,0.00040000,buy
27692.01000000,0.02162000,buy
27691.94000000,0.00037000,buy
27691.90000000,0.00165000,buy
27691.72000000,0.00578000,buy
27691.70000000,0.01004000,buy
27691.59000000,0.00042000,buy
27691.56000000,0.00088000,buy
27691.52000000,0.00837000,buy
27691.42000000,2.16137000,buy
27691.41000000,0.00128000,buy
27691.40000000,0.00037000,buy
27691.39000000,0.00143000,buy
27691.38000000,0.00048000,buy
27691.35000000,0.00132000,buy
27691.34000000,0.00122000,buy
27691.28000000,0.00044000,buy
27690.93000000,0.00066000,buy
27690.90000000,0.00395000,buy
27690.85000000,0.00037000,buy
27690.68000000,0.00074000,buy
27690.54000000,0.00115000,buy
27690.43000000,0.00064000,buy
27690.31000000,0.00094000,buy
27690.27000000,0.01056000,buy
27690.14000000,0.00314000,buy
27690.02000000,0.00040000,buy
27690.00000000,0.03260000,buy
27689.80000000,0.00099000,buy
27689.78000000,0.00061000,buy
27689.65000000,0.00095000,buy
27689.60000000,0.01047000,buy
27689.28000000,0.00041000,buy
27689.27000000,0.00038000,buy
27689.24000000,0.05641000,buy
27689.17000000,0.00072000,buy
27689.00000000,0.00043000,buy
27688.65000000,0.00054000,buy
27688.62000000,0.00239000,buy
27688.56000000,0.00191000,buy
27688.52000000,0.01326000,buy
27688.50000000,0.00059000,buy
27688.44000000,0.00413000,buy
27688.36000000,0.00045000,buy
27688.34000000,0.00039000,buy
27688.33000000,0.00041000,buy
27688.32000000,0.00052000,buy
27688.16000000,0.00049000,buy
27688.12000000,0.00062000,buy
27688.00000000,0.05042000,buy
27687.98000000,0.00050000,buy
27687.97000000,0.00039000,buy
27687.94000000,0.00358000,buy
27687.93000000,0.00112000,buy
27687.87000000,0.18692000,buy
27687.81000000,0.00053000,buy
27687.65000000,0.00042000,buy
27687.49000000,0.02098000,buy
27687.47000000,0.00720000,buy
27687.40000000,0.00137000,buy
27687.36000000,0.00038000,buy
27687.35000000,0.01465000,buy
27687.32000000,0.00065000,buy
27687.31000000,0.00504000,buy
27687.24000000,0.00039000,buy
27687.20000000,0.00041000,buy
27687.02000000,0.00042000,buy
27687.00000000,0.00105000,buy
27686.72000000,0.00059000,buy
27686.60000000,0.00080000,buy
27686.56000000,0.00060000,buy
27686.51000000,0.00069000,buy
27686.44000000,0.00045000,buy
27686.43000000,0.00224000,buy
27686.15000000,0.00075000,buy
27685.91000000,0.00598000,buy
27685.88000000,0.00061000,buy
27685.73000000,0.00093000,buy
27685.71000000,0.00280000,buy
27685.70000000,0.04365000,buy
27685.68000000,0.00128000,buy
27685.63000000,0.00040000,buy
27685.58000000,0.00124000,buy
27685.56000000,0.00046000,buy
27685.54000000,0.00079000,buy
27685.48000000,0.00037000,buy
27685.47000000,0.00046000,buy
27685.45000000,0.00158000,buy
27685.40000000,0.00250000,buy
27685.26000000,0.00082000,buy
27685.24000000,0.00100000,buy
27685.12000000,0.00822000,buy
27685.03000000,0.00046000,buy
27685.00000000,0.00122000,buy
27684.95000000,0.00090000,buy
27684.92000000,0.00043000,buy
27684.88000000,0.00174000,buy
27684.72000000,0.00066000,buy
27684.71000000,0.00038000,buy
27684.67000000,0.00486000,buy
27684.57000000,0.00110000,buy
27684.47000000,0.00133000,buy
27684.30000000,0.00146000,buy
27684.13000000,0.00043000,buy
27683.95000000,0.00090000,buy
27683.86000000,0.00038000,buy
27683.82000000,0.00731000,buy
27683.81000000,0.00720000,buy
27683.80000000,0.00041000,buy
27683.77000000,0.00118000,buy
27683.70000000,0.00312000,buy
27683.67000000,0.00234000,buy
27683.59000000,0.00037000,buy
27683.48000000,0.00087000,buy
27683.46000000,0.04115000,buy
27683.37000000,0.00077000,buy
27683.33000000,0.00194000,buy
27683.27000000,0.00071000,buy
27683.12000000,0.01578000,buy
27683.08000000,0.00239000,buy
27683.04000000,0.00039000,buy
27683.01000000,0.01861000,buy
27682.99000000,0.00054000,buy
27682.92000000,0.00039000,buy
27682.85000000,0.00240000,buy
27682.80000000,0.00510000,buy
27682.77000000,0.00041000,buy
27682.60000000,0.00203000,buy
27682.47000000,0.46948000,buy
27682.46000000,0.00045000,buy
27682.40000000,0.00100000,buy
27682.30000000,0.00040000,buy
27682.22000000,0.00038000,buy
27682.20000000,0.00119000,buy
27682.14000000,0.00136000,buy
27682.07000000,0.00039000,buy
27682.03000000,0.00038000,buy
27681.92000000,0.00081000,buy
27681.91000000,0.00132000,buy
27681.81000000,0.00277000,buy
27681.79000000,0.00070000,buy
27681.73000000,0.00044000,buy
27681.68000000,0.00384000,buy
27681.52000000,0.00792000,buy
27681.46000000,0.00114000,buy
27681.45000000,0.00240000,buy
27681.38000000,0.00149000,buy
27681.25000000,0.00169000,buy
27681.20000000,0.00040000,buy
27681.08000000,0.00064000,buy
27681.05000000,0.00075000,buy
27681.01000000,0.00039000,buy
27681.00000000,0.00381000,buy
27680.86000000,0.00042000,buy
27680.72000000,0.00115000,buy
27680.62000000,0.00857000,buy
27680.50000000,0.02506000,buy
27680.38000000,0.01520000,buy
27680.37000000,0.00128000,buy
27680.25000000,0.00075000,buy
27680.21000000,0.05232000,buy
27680.09000000,0.01025000,buy
27680.07000000,0.00040000,buy
27680.00000000,0.26744000,buy
27679.94000000,0.00068000,buy
27679.92000000,0.00284000,buy
27679.74000000,0.00043000,buy
27679.71000000,0.00143000,buy
27679.62000000,0.00136000,buy
27679.59000000,0.01146000,buy
27679.57000000,0.18702000,buy
27679.54000000,0.00128000,buy
27679.50000000,0.00449000,buy
27679.46000000,0.00066000,buy
27679.45000000,0.00048000,buy
27679.41000000,0.00070000,buy
27679.35000000,0.00039000,buy
27679.30000000,0.00081000,buy
27679.25000000,0.00096000,buy
27679.23000000,0.00130000,buy
27679.21000000,0.00962000,buy
27679.18000000,0.00037000,buy
27679.04000000,0.00127000,buy
27679.00000000,0.00127000,buy
27678.82000000,0.00041000,buy
27678.77000000,0.00038000,buy
27678.70000000,0.00040000,buy
27678.67000000,0.00046000,buy
27678.59000000,0.00037000,buy
27678.51000000,0.00038000,buy
27678.44000000,0.00141000,buy
27678.39000000,0.00047000,buy
27678.31000000,0.00200000,buy
27678.30000000,0.00043000,buy
27678.20000000,0.00038000,buy
27678.06000000,0.00047000,buy
27677.96000000,0.00042000,buy
27677.92000000,0.00053000,buy
27677.85000000,0.00046000,buy
27677.81000000,0.00063000,buy
27677.80000000,0.00076000,buy
27677.79000000,0.00043000,buy
27677.76000000,0.00048000,buy
27677.75000000,0.00154000,buy
27677.71000000,0.00039000,buy
27677.54000000,0.00278000,buy
27677.44000000,0.00042000,buy
27677.41000000,0.00078000,buy
27677.06000000,0.00571000,buy
27677.00000000,0.08629000,buy
27676.99000000,0.00043000,buy
27676.92000000,0.00093000,buy
27676.89000000,0.50000000,buy
27676.82000000,0.00065000,buy
27676.62000000,0.00042000,buy
27676.53000000,0.00041000,buy
27676.35000000,0.00076000,buy
27676.31000000,0.38843000,buy
27676.29000000,0.00041000,buy
27676.27000000,0.00107000,buy
27676.07000000,0.00037000,buy
